brand,car_model,segment,drivetrain,seats,top_speed_kmh,acceleration_0_100_s,torque_nm,torque_nm_mapped,power_to_weight_ratio,power_to_weight_category,battery_capacity_kWh,number_of_cells,battery_type,efficiency_wh_per_km,efficiency,fast_charging_power_kw_dc,fast_charge_port,range_km,towing_capacity_kg,cargo_volume_l,length_mm,width_mm,height_mm,car_body_type,manufacturing_country
Dacia,Spring Electric 45,A - Mini,FWD,4,125,19.1,125.0,92.19525,0.232,Low,25.0,72.0,Lithium-ion,109,2.88,29.0,CCS,165.0,1500.0,308.0,3700,1622,1516,Hatchback,Romania
Dacia,Spring Electric 65,A - Mini,FWD,4,125,13.7,113.0,83.34450600000001,0.2566371681415929,Medium,25.0,72.0,Lithium-ion,114,2.88,29.0,CCS,160.0,1500.0,308.0,3700,1622,1516,Hatchback,Romania
Citroen,e-SpaceTourer XL 50 kWh,N - Passenger Van,FWD,9,130,13.3,220.0,162.26364,0.3545454545454545,Medium,46.3,216.0,Lithium-ion,219,4.665226781857451,78.0,CCS,180.0,1000.0,989.0,5333,1920,1890,Small Passenger Van,France
Peugeot,e-Traveller L2 75 kWh,N - Passenger Van,FWD,9,130,14.2,270.0,199.14174000000003,0.2925925925925925,Medium,68.0,324.0,Lithium-ion,202,4.764705882352941,79.0,CCS,260.0,1000.0,603.0,4983,1920,1890,Small Passenger Van,France
Peugeot,e-Traveller L3 50 kWh,N - Passenger Van,FWD,9,130,13.3,270.0,199.14174000000003,0.2888888888888888,Medium,46.3,216.0,Lithium-ion,219,4.665226781857451,78.0,CCS,180.0,1000.0,989.0,5333,1920,1890,Small Passenger Van,France
Peugeot,e-Traveller L3 75 kWh,N - Passenger Van,FWD,9,130,14.2,270.0,199.14174000000003,0.2925925925925925,Medium,68.0,324.0,Lithium-ion,204,4.764705882352941,79.0,CCS,260.0,1000.0,989.0,5333,1920,1890,Small Passenger Van,France
Citroen,e-SpaceTourer XL 75 kWh,N - Passenger Van,FWD,9,130,14.2,220.0,162.26364,0.359090909090909,Medium,68.0,324.0,Lithium-ion,204,4.764705882352941,79.0,CCS,260.0,1000.0,989.0,5333,1920,1890,Small Passenger Van,France
Citroen,e-SpaceTourer M 75 kWh,N - Passenger Van,FWD,9,130,14.2,220.0,162.26364,0.359090909090909,Medium,68.0,324.0,Lithium-ion,202,4.764705882352941,79.0,CCS,260.0,1000.0,603.0,4983,1920,1890,Small Passenger Van,France
Renault,5 E-Tech 40kWh 95hp,B - Compact,FWD,5,130,12.0,215.0,158.57583000000002,0.2771331529075821,Medium,40.0,93.0,Lithium-ion,129,2.325,59.58362787513017,CCS,255.0,500.0,326.0,3922,1808,1489,Hatchback,France
Citroen,e-SpaceTourer M 50 kWh,N - Passenger Van,FWD,9,130,13.3,220.0,162.26364,0.3545454545454545,Medium,46.3,216.0,Lithium-ion,217,4.665226781857451,78.0,CCS,180.0,1000.0,603.0,4983,1920,1890,Small Passenger Van,France
Renault,Kangoo Grand E-Tech Electric,N - Passenger Van,FWD,7,130,13.3,245.0,180.70269,0.2040816326530612,Low,45.0,184.0,Lithium-ion,170,4.088888888888889,50.0,CCS,220.0,1500.0,500.0,4911,1860,1815,Small Passenger Van,France
Peugeot,e-Traveller L2 50 kWh,N - Passenger Van,FWD,9,130,13.3,270.0,199.14174000000003,0.2888888888888888,Medium,46.3,216.0,Lithium-ion,217,4.665226781857451,78.0,CCS,180.0,1000.0,603.0,4983,1920,1890,Small Passenger Van,France
Leapmotor,T03,A - Mini,FWD,4,130,12.7,158.0,116.534796,0.189873417721519,Low,36.0,216.0,Lithium-ion,136,6.0,30.0,CCS,225.0,1500.0,210.0,3620,1652,1577,Hatchback,China
Nissan,Townstar EV Passenger L2,N - Passenger Van,FWD,7,130,13.3,245.0,180.70269,0.2040816326530612,Low,45.0,216.0,Lithium-ion,173,4.8,50.0,CCS,220.0,1500.0,819.0,4911,1860,1815,Small Passenger Van,Japan
Toyota,PROACE Verso L 75 kWh,N - Passenger Van,FWD,9,130,13.3,260.0,191.76612,0.3038461538461538,Medium,68.0,324.0,Lithium-ion,204,4.764705882352941,79.0,CCS,260.0,1000.0,989.0,5333,1920,1890,Small Passenger Van,Japan
Toyota,PROACE Verso M 50 kWh,N - Passenger Van,FWD,9,130,12.1,260.0,191.76612,0.3,Medium,46.3,216.0,Lithium-ion,217,4.665226781857451,78.0,CCS,180.0,1000.0,603.0,4983,1920,1890,Small Passenger Van,Japan
Opel,Zafira-e Life L3 75 kWh,N - Passenger Van,FWD,9,130,14.2,260.0,191.76612,0.3038461538461538,Medium,68.0,324.0,Lithium-ion,204,4.764705882352941,79.0,CCS,260.0,1000.0,989.0,5333,1920,1890,Small Passenger Van,Germany
Toyota,PROACE Verso M 75 kWh,N - Passenger Van,FWD,9,130,13.3,260.0,191.76612,0.3038461538461538,Medium,68.0,324.0,Lithium-ion,202,4.764705882352941,79.0,CCS,260.0,1000.0,603.0,4983,1920,1890,Small Passenger Van,Japan
Ford,e-Tourneo Custom L1 160 kW,N - Passenger Van,RWD,8,130,9.0,415.0,306.08823,0.1686746987951807,Low,64.0,332.0,Lithium-ion,370,5.1875,70.0,CCS,235.0,2000.0,672.0,5050,1999,1959,Small Passenger Van,USA
Opel,Zafira-e Life L3 50 kWh,N - Passenger Van,FWD,9,130,13.3,270.0,199.14174000000003,0.2888888888888888,Medium,46.3,216.0,Lithium-ion,219,4.665226781857451,78.0,CCS,180.0,1000.0,989.0,5333,1920,1890,Small Passenger Van,Germany
Opel,Zafira-e Life L2 75 kWh,N - Passenger Van,FWD,9,130,14.2,270.0,199.14174000000003,0.2925925925925925,Medium,68.0,324.0,Lithium-ion,202,4.764705882352941,79.0,CCS,260.0,1000.0,603.0,4983,1920,1890,Small Passenger Van,Germany
Opel,Zafira-e Life L2 50 kWh,N - Passenger Van,FWD,9,130,13.3,270.0,199.14174000000003,0.2888888888888888,Medium,46.3,216.0,Lithium-ion,217,4.665226781857451,78.0,CCS,180.0,1000.0,603.0,4983,1920,1890,Small Passenger Van,Germany
Ford,e-Tourneo Custom L1 210 kW,N - Passenger Van,RWD,8,130,8.0,415.0,306.08823,0.1686746987951807,Low,64.0,332.0,Lithium-ion,370,5.1875,70.0,CCS,235.0,2000.0,672.0,5050,1999,1959,Small Passenger Van,USA
Mercedes-Benz,EQT 200 Standard,N - Passenger Van,FWD,5,132,12.6,245.0,180.70269,0.2040816326530612,Low,45.0,300.0,Lithium-ion,167,6.666666666666667,50.0,CCS,225.0,1500.0,551.0,4498,1859,1819,Small Passenger Van,Germany
Peugeot,e-Rifter M 50 kWh,N - Passenger Van,FWD,5,132,11.7,270.0,199.14174000000003,0.2962962962962963,Medium,50.0,102.0,Lithium-ion,152,2.04,80.0,CCS,235.0,750.0,775.0,4403,1921,1818,Small Passenger Van,France
Nissan,Townstar EV Passenger,N - Passenger Van,FWD,5,132,12.6,245.0,180.70269,0.2040816326530612,Low,45.0,216.0,Lithium-ion,158,4.8,50.0,CCS,225.0,1500.0,819.0,4488,1860,1838,Small Passenger Van,Japan
Mercedes-Benz,EQT 200 Long,N - Passenger Van,FWD,7,132,13.3,245.0,180.70269,0.2040816326530612,Low,45.0,300.0,Lithium-ion,177,6.666666666666667,50.0,CCS,220.0,1500.0,828.0,4922,1859,1811,Small Passenger Van,Germany
Citroen,e-Berlingo M 50 kWh,N - Passenger Van,FWD,5,132,11.7,260.0,191.76612,0.3076923076923077,Medium,50.0,216.0,Lithium-ion,149,4.32,80.0,CCS,235.0,750.0,775.0,4403,1921,1803,Small Passenger Van,France
Citroen,e-Berlingo XL 50 kWh,N - Passenger Van,FWD,7,132,11.7,260.0,191.76612,0.3076923076923077,Medium,50.0,216.0,Lithium-ion,149,4.32,80.0,CCS,230.0,750.0,1050.0,4753,1921,1814,Small Passenger Van,France
Toyota,Proace City Verso Electric L1 50 kWh,N - Passenger Van,FWD,5,132,11.7,260.0,191.76612,0.3076923076923077,Medium,50.0,216.0,Lithium-ion,149,4.32,80.0,CCS,235.0,750.0,775.0,4403,1921,1803,Small Passenger Van,Japan
Toyota,Proace City Verso Electric L2 50 kWh,N - Passenger Van,FWD,7,132,11.7,260.0,191.76612,0.3076923076923077,Medium,50.0,216.0,Lithium-ion,149,4.32,80.0,CCS,230.0,750.0,1050.0,4753,1921,1814,Small Passenger Van,Japan
Fiat,Grande Panda,B - Compact,FWD,5,132,11.0,122.0,89.98256400000001,0.4918032786885246,Medium,43.8,108.0,Lithium-ion,136,2.4657534246575343,60.0,CCS,260.0,550.0,361.0,3999,1763,1570,Hatchback,Italy
Peugeot,e-Rifter XL 50 kWh,N - Passenger Van,FWD,7,132,11.7,270.0,199.14174000000003,0.2962962962962963,Medium,50.0,102.0,Lithium-ion,153,2.04,80.0,CCS,230.0,750.0,1050.0,4755,1921,1837,Small Passenger Van,France
Opel,Combo-e Life XL 50 kWh,N - Passenger Van,FWD,7,135,11.3,260.0,191.76612,0.3076923076923077,Medium,50.0,159.0,Lithium-ion,149,3.18,80.0,CCS,230.0,750.0,1050.0,4760,1921,1818,Small Passenger Van,Germany
Fiat,500e Cabrio 24 kWh,B - Compact,FWD,4,135,9.0,220.0,162.26364,0.1818181818181818,Low,21.3,108.0,Lithium-ion,112,5.070422535211267,40.0,CCS,135.0,550.0,185.0,3631,1683,1529,Cabriolet,Italy
Opel,Combo-e Life 50 kWh,N - Passenger Van,FWD,5,135,11.3,260.0,191.76612,0.3076923076923077,Medium,50.0,159.0,Lithium-ion,149,3.18,80.0,CCS,235.0,750.0,775.0,4410,1921,1812,Small Passenger Van,Germany
Fiat,500e 3+1 24 kWh,B - Compact,FWD,4,135,9.0,220.0,162.26364,0.1818181818181818,Low,21.3,108.0,Lithium-ion,112,5.070422535211267,40.0,CCS,135.0,550.0,185.0,3631,1683,1529,Hatchback,Italy
Fiat,500e Hatchback 24 kWh,B - Compact,FWD,4,135,9.0,220.0,162.26364,0.1818181818181818,Low,21.3,108.0,Lithium-ion,112,5.070422535211267,40.0,CCS,135.0,550.0,185.0,3631,1683,1529,Hatchback,Italy
Citroen,e-C3,B - Compact,FWD,5,135,11.5,120.0,88.50744,0.5,Medium,44.0,216.0,Lithium-ion,135,4.909090909090909,60.0,CCS,255.0,550.0,310.0,4015,1755,1577,Hatchback,France
Renault,Kangoo E-Tech Electric,N - Passenger Van,FWD,5,135,12.6,245.0,180.70269,0.2040816326530612,Low,45.0,184.0,Lithium-ion,158,4.088888888888889,50.0,CCS,225.0,1500.0,950.0,4486,1860,1838,Small Passenger Van,France
Dongfeng,Box 31.4 kWh,B - Compact,FWD,5,140,12.5,160.0,118.00992,0.3125,Medium,29.0,216.0,Lithium-ion,126,7.448275862068965,50.0,CCS,190.0,1500.0,326.0,4020,1810,1570,Hatchback,China
Dongfeng,Box 42.3 kWh,B - Compact,FWD,5,140,12.5,160.0,118.00992,0.31875,Medium,40.0,216.0,Lithium-ion,129,5.4,51.0,CCS,255.0,1500.0,326.0,4020,1810,1570,Hatchback,China
Mercedes-Benz,EQV 300 Extra-Long,N - Passenger Van,FWD,7,140,12.2,365.0,269.21013,0.2630136986301369,Medium,90.0,288.0,Lithium-ion,249,3.2,96.0,CCS,315.0,1500.0,1410.0,5370,1928,1901,Small Passenger Van,Germany
Opel,Frontera 44 kWh,JB - Compact,FWD,5,140,12.1,120.0,88.50744,0.5,Medium,44.0,159.0,Lithium-ion,144,3.613636363636364,60.0,CCS,245.0,350.0,460.0,4385,1795,1635,SUV,Germany
Hyundai,INSTER Standard Range,JA - Mini,FWD,4,140,11.7,147.0,108.421614,0.4081632653061224,Medium,39.0,384.0,Lithium-ion,119,9.846153846153848,60.0,CCS,255.0,750.0,280.0,3825,1610,1575,SUV,Korea
Volkswagen,ID. Buzz NWB Pure,N - Passenger Van,RWD,6,145,10.7,310.0,228.64422,0.3548387096774194,Medium,59.0,216.0,Lithium-ion,178,3.6610169491525424,110.0,CCS,275.0,1000.0,1121.0,4712,1985,1927,Small Passenger Van,Germany
Ford,e-Tourneo Courier,N - Passenger Van,FWD,5,145,11.0,290.0,213.89298,0.2758620689655172,Medium,43.6,332.0,Lithium-ion,164,7.614678899082569,80.0,CCS,200.0,750.0,470.0,4337,1876,1817,Small Passenger Van,USA
Citroen,e-C3 Aircross,JB - Compact,FWD,5,145,12.9,125.0,92.19525,0.48,Medium,44.0,216.0,Lithium-ion,144,4.909090909090909,60.0,CCS,240.0,350.0,460.0,4395,1795,1660,SUV,France
Citroen,e-C4 54 kWh,C - Medium,FWD,5,150,9.1,260.0,191.76612,0.3,Medium,50.8,102.0,Lithium-ion,122,2.0078740157480315,78.0,CCS,325.0,350.0,380.0,4360,1834,1525,Hatchback,France
Fiat,500e Cabrio 42 kWh,B - Compact,FWD,4,150,9.0,220.0,162.26364,0.3045454545454545,Medium,37.3,192.0,Lithium-ion,125,5.14745308310992,67.0,CCS,230.0,550.0,185.0,3631,1683,1529,Cabriolet,Italy
Citroen,e-C4 X,C - Medium,FWD,5,150,9.9,260.0,191.76612,0.3,Medium,46.3,216.0,Lithium-ion,132,4.665226781857451,78.0,CCS,290.0,350.0,510.0,4600,1834,1525,Sedan,France
Fiat,500e 3+1 42 kWh,B - Compact,FWD,4,150,9.0,220.0,162.26364,0.3045454545454545,Medium,37.3,192.0,Lithium-ion,122,5.14745308310992,67.0,CCS,235.0,550.0,185.0,3631,1683,1529,Hatchback,Italy
BYD,DOLPHIN SURF 43.2 kWh Comfort,B - Compact,FWD,4,150,9.1,220.0,162.26364,0.2727272727272727,Medium,43.2,90.0,Lithium-ion,139,2.083333333333333,60.0,CCS,265.0,750.0,308.0,3990,1720,1590,Hatchback,China
Citroen,e-C4 X 54 kWh,C - Medium,FWD,5,150,9.1,260.0,191.76612,0.3,Medium,50.8,102.0,Lithium-ion,119,2.0078740157480315,78.0,CCS,335.0,350.0,510.0,4600,1834,1525,Sedan,France
DS,3 E-Tense,JB - Compact,FWD,5,150,9.0,260.0,191.76612,0.3269230769230769,Medium,50.8,102.0,Lithium-ion,128,2.0078740157480315,85.0,CCS,300.0,1400.0,350.0,4118,1802,1534,SUV,France
BYD,DOLPHIN 44.9 kWh Active,C - Medium,FWD,5,150,12.3,180.0,132.76116000000002,0.2777777777777778,Medium,44.9,104.0,Lithium-ion,132,2.316258351893096,50.0,CCS,265.0,750.0,345.0,4290,1770,1570,Hatchback,China
Elaris,BEO 86 kWh,JD - Large,FWD,5,150,9.5,320.0,236.01984,0.203125,Low,81.0,216.0,Lithium-ion,203,2.6666666666666665,65.0,CCS,390.0,1500.0,467.0,4698,1908,1696,SUV,Germany
BYD,DOLPHIN SURF 30 kWh Active,B - Compact,FWD,4,150,11.1,175.0,129.07335,0.2571428571428571,Medium,30.0,94.0,Lithium-ion,136,3.1333333333333333,45.0,CCS,190.0,750.0,308.0,3990,1720,1590,Hatchback,China
BYD,DOLPHIN SURF 43.2 kWh Boost,B - Compact,FWD,4,150,12.1,175.0,129.07335,0.3428571428571428,Medium,43.2,90.0,Lithium-ion,134,2.083333333333333,60.0,CCS,270.0,750.0,308.0,3990,1720,1590,Hatchback,China
Firefly,Subcompact car (B),B - Compact,RWD,5,150,8.1,200.0,147.5124,0.325,Medium,41.2,112.0,Lithium-ion,125,2.7184466019417477,65.0,CCS,250.0,1500.0,404.0,4003,1885,1557,Hatchback,China
Fiat,600e,JB - Compact,FWD,5,150,9.0,260.0,191.76612,0.3038461538461538,Medium,50.8,102.0,Lithium-ion,124,2.0078740157480315,79.0,CCS,310.0,550.0,360.0,4171,1781,1523,SUV,Italy
Aiways,U5,JC - Medium,FWD,5,150,7.5,310.0,228.64422,0.2516129032258064,Medium,60.0,216.0,Lithium-ion,156,3.6,78.0,CCS,315.0,1500.0,496.0,4680,1865,1700,SUV,China
Alfa,Romeo Junior Elettrica 54 kWh,JB - Compact,FWD,5,150,9.0,260.0,191.76612,0.3269230769230769,Medium,50.8,102.0,Lithium-ion,128,2.0078740157480315,85.0,CCS,320.0,1500.0,400.0,4173,1781,1532,SUV,Italy
Skywell,BE11 Standard Range,JD - Large,FWD,5,150,9.6,320.0,236.01984,0.15625,Low,68.0,216.0,Lithium-ion,149,3.176470588235294,50.0,CCS,330.0,1500.0,467.0,4720,1908,1696,SUV,China
Skywell,BE11 Long Range,JD - Large,FWD,5,150,9.6,320.0,236.01984,0.15625,Low,81.0,216.0,Lithium-ion,166,2.6666666666666665,50.0,CCS,390.0,1500.0,467.0,4720,1908,1696,SUV,China
Renault,Scenic E-Tech EV60 170hp,JC - Medium,FWD,5,150,8.6,280.0,206.51736,0.2678571428571428,Medium,60.0,192.0,Lithium-ion,144,3.2,75.0,CCS,340.0,1100.0,545.0,4470,1864,1571,SUV,France
Renault,Megane E-Tech EV60 130hp (TU2025),C - Medium,FWD,5,150,10.5,250.0,184.3905,0.352,Medium,60.0,288.0,Lithium-ion,125,4.8,88.0,CCS,380.0,500.0,440.0,4200,1860,1505,Hatchback,France
Renault,5 E-Tech 52kWh 150hp,B - Compact,FWD,5,150,8.0,245.0,180.70269,0.2857142857142857,Medium,52.0,184.0,Lithium-ion,129,3.5384615384615383,70.0,CCS,320.0,500.0,326.0,3922,1808,1489,Hatchback,France
Renault,5 E-Tech 40kWh 120hp,B - Compact,FWD,5,150,9.0,225.0,165.95145000000002,0.2444444444444444,Low,40.0,93.0,Lithium-ion,132,2.325,55.0,CCS,250.0,500.0,326.0,3922,1808,1489,Hatchback,France
Renault,4 E-Tech 52kWh 150hp,JB - Compact,FWD,5,150,8.2,245.0,180.70269,0.2857142857142857,Medium,52.0,184.0,Lithium-ion,127,3.5384615384615383,70.0,CCS,315.0,750.0,420.0,4143,1796,1552,SUV,France
Renault,4 E-Tech 40kWh 120hp,JB - Compact,FWD,5,150,9.2,225.0,165.95145000000002,0.2444444444444444,Low,40.0,93.0,Lithium-ion,124,2.325,55.0,CCS,245.0,750.0,420.0,4143,1796,1552,SUV,France
Peugeot,e-308 SW,C - Medium,FWD,5,150,10.0,260.0,191.76612,0.3076923076923077,Medium,50.8,102.0,Lithium-ion,127,2.0078740157480315,80.0,CCS,300.0,1200.0,608.0,4636,1852,1442,Station/Estate,France
Peugeot,e-208 51 kWh,B - Compact,FWD,5,150,8.2,260.0,191.76612,0.3076923076923077,Medium,48.1,96.0,Lithium-ion,120,1.995841995841996,80.0,CCS,310.0,1250.0,265.0,4055,1765,1430,Hatchback,France
Peugeot,e-208 50 kWh,B - Compact,FWD,5,150,9.0,260.0,191.76612,0.3,Medium,46.3,216.0,Lithium-ion,132,4.665226781857451,78.0,CCS,290.0,1250.0,265.0,4055,1765,1430,Hatchback,France
Peugeot,e-2008 54 kWh,JB - Compact,FWD,5,150,9.1,260.0,191.76612,0.3269230769230769,Medium,50.8,102.0,Lithium-ion,125,2.0078740157480315,85.0,CCS,300.0,1250.0,434.0,4304,1775,1523,SUV,France
Peugeot,e-2008 50 kWh,JB - Compact,FWD,5,150,9.9,260.0,191.76612,0.3,Medium,46.3,216.0,Lithium-ion,136,4.665226781857451,78.0,CCS,270.0,1250.0,434.0,4304,1775,1523,SUV,France
Opel,Mokka Electric,JB - Compact,FWD,5,150,9.0,260.0,191.76612,0.3269230769230769,Medium,50.8,102.0,Lithium-ion,126,2.0078740157480315,85.0,CCS,285.0,1200.0,310.0,4151,1790,1534,SUV,Germany
Opel,Corsa Electric 51 kWh,B - Compact,FWD,5,150,8.1,260.0,191.76612,0.3076923076923077,Medium,48.1,96.0,Lithium-ion,120,1.995841995841996,80.0,CCS,315.0,750.0,267.0,4061,1765,1435,Hatchback,Germany
Opel,Corsa Electric 50 kWh,B - Compact,FWD,5,150,8.7,260.0,191.76612,0.3,Medium,46.3,216.0,Lithium-ion,131,4.665226781857451,78.0,CCS,290.0,750.0,267.0,4061,1765,1435,Hatchback,Germany
Lancia,Ypsilon,B - Compact,FWD,5,150,8.2,260.0,191.76612,0.3076923076923077,Medium,48.1,96.0,Lithium-ion,122,1.995841995841996,80.0,CCS,310.0,1500.0,309.0,4080,1760,1440,Hatchback,Italy
Jeep,Avenger Electric,JB - Compact,FWD,5,150,9.0,260.0,191.76612,0.3269230769230769,Medium,50.8,102.0,Lithium-ion,132,2.0078740157480315,85.0,CCS,310.0,1000.0,355.0,4084,1776,1528,SUV,USA
Hyundai,INSTER Long Range,JA - Mini,FWD,4,150,10.6,147.0,108.421614,0.4761904761904761,Medium,46.0,384.0,Lithium-ion,124,8.347826086956522,70.0,CCS,300.0,750.0,280.0,3825,1610,1575,SUV,Korea
Ford,e-Tourneo Custom L2 210 kW,N - Passenger Van,RWD,8,150,8.0,415.0,306.08823,0.1686746987951807,Low,64.0,332.0,Lithium-ion,370,5.1875,70.0,CCS,235.0,2000.0,672.0,5908,1999,1959,Small Passenger Van,USA
Ford,e-Tourneo Custom L2 160 kW,N - Passenger Van,RWD,8,150,9.0,415.0,306.08823,0.1686746987951807,Low,64.0,332.0,Lithium-ion,370,5.1875,70.0,CCS,235.0,2000.0,672.0,5908,1999,1959,Small Passenger Van,USA
Fiat,500e Hatchback 42 kWh,B - Compact,FWD,4,150,9.0,220.0,162.26364,0.3045454545454545,Medium,37.3,192.0,Lithium-ion,118,5.14745308310992,67.0,CCS,235.0,550.0,185.0,3631,1683,1529,Hatchback,Italy
Citroen,e-C4,C - Medium,FWD,5,150,9.9,260.0,191.76612,0.3,Medium,46.3,216.0,Lithium-ion,135,4.665226781857451,78.0,CCS,285.0,350.0,380.0,4360,1834,1525,Hatchback,France
Abarth,500e Convertible,B - Compact,FWD,4,155,7.0,235.0,173.32707000000002,0.2851063829787234,Medium,37.8,192.0,Lithium-ion,156,5.07936507936508,67.0,CCS,225.0,1500.0,185.0,3673,1683,1518,Hatchback,Italy
Abarth,500e Hatchback,B - Compact,FWD,4,155,7.0,235.0,173.32707000000002,0.2851063829787234,Medium,37.8,192.0,Lithium-ion,149,5.07936507936508,67.0,CCS,225.0,1500.0,185.0,3673,1683,1518,Hatchback,Italy
Skoda,Enyaq 60,JC - Medium,RWD,5,160,8.1,310.0,228.64422,0.3548387096774194,Medium,59.0,216.0,Lithium-ion,145,3.6610169491525424,110.0,CCS,360.0,1000.0,585.0,4658,1879,1622,SUV,Czech Republic
Lexus,RZ 300e,JC - Medium,FWD,5,160,8.0,266.0,196.191492,0.3759398496240601,Medium,64.0,96.0,Lithium-ion,149,1.5,100.0,CCS,365.0,750.0,522.0,4690,1860,1600,SUV,Japan
Mini,Cooper E,B - Compact,FWD,4,160,7.3,290.0,213.89298,0.2068965517241379,Low,36.6,216.0,Lithium-ion,125,5.901639344262295,60.0,CCS,250.0,750.0,200.0,3858,1756,1460,Hatchback,UK
Nissan,Ariya 63kWh,JC - Medium,FWD,5,160,7.5,300.0,221.2686,0.3,Medium,63.0,216.0,Lithium-ion,175,3.4285714285714284,90.0,CCS,335.0,750.0,468.0,4595,1850,1660,SUV,Japan
Nissan,Ariya 87kWh,JC - Medium,FWD,5,160,7.6,300.0,221.2686,0.3666666666666666,Medium,87.0,216.0,Lithium-ion,169,2.4827586206896552,110.0,CCS,450.0,750.0,468.0,4595,1850,1660,SUV,Japan
Volkswagen,ID.3 Pro,C - Medium,RWD,5,160,7.6,310.0,228.64422,0.3548387096774194,Medium,59.0,216.0,Lithium-ion,136,3.6610169491525424,110.0,CCS,365.0,1000.0,385.0,4264,1809,1564,Hatchback,Germany
Hyundai,Kona Electric 48 kWh,JB - Compact,FWD,5,160,8.8,255.0,188.07831,0.196078431372549,Low,48.4,384.0,Lithium-ion,128,7.933884297520661,50.0,CCS,295.0,300.0,466.0,4355,1825,1575,SUV,Korea
Volkswagen,ID. Buzz NWB Pro,N - Passenger Van,RWD,6,160,7.6,560.0,413.0347200000001,0.2410714285714285,Low,79.0,288.0,Lithium-ion,187,3.645569620253165,135.0,CCS,360.0,1200.0,1121.0,4712,1985,1927,Small Passenger Van,Germany
Lexus,RZ 450e,JD - Large,AWD,5,160,5.6,435.0,320.83947,0.2298850574712643,Low,64.0,96.0,Lithium-ion,158,1.5,100.0,CCS,350.0,750.0,522.0,4805,1895,1635,SUV,Japan
Volkswagen,ID. Buzz LWB Pro,N - Passenger Van,RWD,7,160,7.9,560.0,413.0347200000001,0.2589285714285714,Medium,86.0,312.0,Lithium-ion,190,3.627906976744186,145.0,CCS,370.0,1000.0,1340.0,4962,1985,1924,Small Passenger Van,Germany
Toyota,bZ4X FWD,JC - Medium,FWD,5,160,7.5,265.0,195.45393,0.3773584905660377,Medium,64.0,96.0,Lithium-ion,145,1.5,100.0,CCS,350.0,750.0,452.0,4690,1860,1600,SUV,Japan
Toyota,bZ4X AWD,JC - Medium,AWD,5,160,6.9,336.0,247.820832,0.2976190476190476,Medium,64.0,96.0,Lithium-ion,154,1.5,100.0,CCS,345.0,750.0,452.0,4690,1860,1600,SUV,Japan
Peugeot,e-408 58 kWh,JD - Large,FWD,5,160,7.2,345.0,254.45889000000005,0.2028985507246377,Low,58.3,102.0,Lithium-ion,129,1.7495711835334478,70.0,CCS,375.0,1200.0,471.0,4687,1859,1478,SUV,France
Honda,e:Ny1,JB - Compact,FWD,5,160,7.6,310.0,228.64422,0.1935483870967742,Low,61.9,216.0,Lithium-ion,150,3.4894991922455576,60.0,CCS,335.0,1500.0,361.0,4387,1790,1584,SUV,Japan
Aiways,U6,JC - Medium,FWD,5,160,7.0,315.0,232.33203,0.2476190476190476,Low,60.0,216.0,Lithium-ion,150,3.6,78.0,CCS,350.0,1500.0,472.0,4805,1880,1641,SUV,China
Audi,Q4 e-tron 40,JC - Medium,RWD,5,160,8.1,310.0,228.64422,0.3548387096774194,Medium,59.0,216.0,Lithium-ion,159,3.6610169491525424,110.0,CCS,325.0,1000.0,520.0,4588,1865,1632,SUV,Germany
Alpine,A290 Electric 180 hp,B - Compact,FWD,5,160,7.4,285.0,210.20517,0.2456140350877192,Low,52.0,184.0,Lithium-ion,138,3.5384615384615383,70.0,CCS,310.0,500.0,326.0,3997,1823,1512,Hatchback,France
GWM,ORA 03 GT,C - Medium,FWD,5,160,8.2,250.0,184.3905,0.224,Low,59.3,216.0,Lithium-ion,148,3.642495784148398,56.0,CCS,325.0,1500.0,228.0,4254,1848,1603,Hatchback,China
Volkswagen,ID. Buzz LWB GTX,N - Passenger Van,AWD,7,160,6.5,560.0,413.0347200000001,0.2589285714285714,Medium,86.0,312.0,Lithium-ion,182,3.627906976744186,145.0,CCS,350.0,1600.0,1340.0,4960,1985,1927,Small Passenger Van,Germany
GWM,ORA 03 63 kWh,C - Medium,FWD,5,160,8.2,250.0,184.3905,0.224,Low,59.3,216.0,Lithium-ion,141,3.642495784148398,56.0,CCS,340.0,1500.0,228.0,4235,1825,1603,Hatchback,China
Lexus,UX 300e,JC - Medium,FWD,5,160,7.5,300.0,221.2686,0.1166666666666666,Low,64.0,96.0,Lithium-ion,145,1.5,35.0,CCS,340.0,750.0,316.0,4495,1840,1545,SUV,Japan
Mercedes-Benz,eVito Tourer Long 90 kWh,N - Passenger Van,FWD,8,160,12.1,360.0,265.52232000000004,0.2666666666666666,Medium,90.0,288.0,Lithium-ion,260,3.2,96.0,CCS,325.0,1500.0,990.0,5140,1928,1890,Small Passenger Van,Germany
Mercedes-Benz,EQB 350 4MATIC,JC - Medium,AWD,7,160,6.2,520.0,383.53224,0.1923076923076923,Low,66.5,300.0,Lithium-ion,168,4.511278195488722,100.0,CCS,345.0,1700.0,495.0,4684,1834,1667,SUV,Germany
Mercedes-Benz,EQB 300 4MATIC,JC - Medium,AWD,7,160,8.0,390.0,287.64918,0.2564102564102564,Medium,66.5,300.0,Lithium-ion,168,4.511278195488722,100.0,CCS,345.0,1700.0,495.0,4684,1834,1667,SUV,Germany
Mercedes-Benz,EQB 250+,JC - Medium,FWD,7,160,8.9,385.0,283.96137000000004,0.2337662337662337,Low,70.5,300.0,Lithium-ion,152,4.25531914893617,90.0,CCS,415.0,1400.0,495.0,4684,1834,1667,SUV,Germany
Mercedes-Benz,EQA 350 4MATIC,JC - Medium,AWD,5,160,6.0,520.0,383.53224,0.1923076923076923,Low,66.5,300.0,Lithium-ion,162,4.511278195488722,100.0,CCS,350.0,1800.0,340.0,4463,1834,1620,SUV,Germany
Mercedes-Benz,EQA 300 4MATIC,JC - Medium,AWD,5,160,7.7,390.0,287.64918,0.2564102564102564,Medium,66.5,300.0,Lithium-ion,162,4.511278195488722,100.0,CCS,350.0,1800.0,340.0,4463,1834,1620,SUV,Germany
Mercedes-Benz,EQA 250+,JC - Medium,FWD,5,160,8.6,385.0,283.96137000000004,0.2337662337662337,Low,70.5,300.0,Lithium-ion,142,4.25531914893617,90.0,CCS,420.0,1500.0,340.0,4463,1834,1620,SUV,Germany
Mercedes-Benz,EQA 250,JC - Medium,FWD,5,160,8.6,385.0,283.96137000000004,0.2597402597402597,Medium,66.5,300.0,Lithium-ion,146,4.511278195488722,100.0,CCS,395.0,1500.0,340.0,4463,1834,1620,SUV,Germany
Volkswagen,ID.5 Pure,JC - Medium,RWD,5,160,8.9,310.0,228.64422,0.2806451612903226,Medium,52.0,288.0,Lithium-ion,142,5.538461538461538,87.0,CCS,320.0,1000.0,549.0,4599,1852,1615,SUV,Germany
Mini,Aceman E,JB - Compact,FWD,5,160,7.9,290.0,213.89298,0.2068965517241379,Low,38.5,216.0,Lithium-ion,129,5.6103896103896105,60.0,CCS,230.0,750.0,300.0,4079,1754,1514,SUV,UK
Volkswagen,ID.4 Pure,JC - Medium,RWD,5,160,9.0,310.0,228.64422,0.2806451612903226,Medium,52.0,192.0,Lithium-ion,143,3.692307692307693,87.0,CCS,285.0,1000.0,543.0,4584,1852,1640,SUV,Germany
MG,4 Electric 51 kWh,C - Medium,RWD,5,160,7.7,250.0,184.3905,0.272,Medium,50.8,104.0,Lithium-ion,145,2.047244094488189,68.0,CCS,300.0,500.0,363.0,4287,1836,1504,Hatchback,UK
Volkswagen,ID.3 Pure,C - Medium,RWD,5,160,8.2,310.0,228.64422,0.2903225806451613,Medium,52.0,192.0,Lithium-ion,134,3.692307692307693,90.0,CCS,325.0,1000.0,385.0,4264,1809,1564,Hatchback,Germany
Mercedes-Benz,EQV 250 Extra-Long,N - Passenger Van,FWD,7,160,12.0,365.0,269.21013,0.1643835616438356,Low,60.0,192.0,Lithium-ion,282,3.2,60.0,CCS,210.0,1500.0,1410.0,5370,1928,1911,Small Passenger Van,Germany
Mercedes-Benz,EQV 250 Long,N - Passenger Van,FWD,7,160,12.0,365.0,269.21013,0.1643835616438356,Low,60.0,192.0,Lithium-ion,282,3.2,60.0,CCS,215.0,1500.0,1030.0,5140,1928,1910,Small Passenger Van,Germany
Volkswagen,ID.3 Pro S,C - Medium,RWD,5,160,7.1,310.0,228.64422,0.3870967741935484,Medium,77.0,288.0,Lithium-ion,138,3.74025974025974,120.0,CCS,465.0,1000.0,385.0,4264,1809,1564,Hatchback,Germany
Mercedes-Benz,EQV 300 Long,N - Passenger Van,FWD,7,160,12.1,365.0,269.21013,0.2630136986301369,Medium,90.0,288.0,Lithium-ion,276,3.2,96.0,CCS,320.0,1500.0,1030.0,5140,1928,1901,Small Passenger Van,Germany
Mercedes-Benz,eVito Tourer Extra-Long 60 kWh,N - Passenger Van,FWD,8,160,12.0,360.0,265.52232000000004,0.1666666666666666,Low,60.0,192.0,Lithium-ion,254,3.2,60.0,CCS,215.0,1500.0,1390.0,5370,1928,1890,Small Passenger Van,Germany
Mercedes-Benz,eVito Tourer Long 60 kWh,N - Passenger Van,FWD,8,160,12.0,360.0,265.52232000000004,0.1666666666666666,Low,60.0,192.0,Lithium-ion,259,3.2,60.0,CCS,220.0,1500.0,990.0,5140,1928,1890,Small Passenger Van,Germany
MG,4 Electric 64 kWh,C - Medium,RWD,5,160,7.9,250.0,184.3905,0.464,Medium,61.7,104.0,Lithium-ion,142,1.6855753646677472,116.0,CCS,360.0,500.0,363.0,4287,1836,1504,Hatchback,UK
GWM,ORA 03 48 kWh,C - Medium,FWD,5,160,8.3,250.0,184.3905,0.18,Low,45.4,216.0,Lithium-ion,146,4.757709251101322,45.0,CCS,260.0,1500.0,228.0,4235,1825,1603,Hatchback,China
Volkswagen,ID. Buzz NWB GTX,N - Passenger Van,AWD,6,160,6.5,560.0,413.0347200000001,0.2410714285714285,Low,79.0,288.0,Lithium-ion,194,3.645569620253165,135.0,CCS,330.0,1800.0,1121.0,4712,1985,1925,Small Passenger Van,Germany
Skoda,Enyaq Coupe 60,JC - Medium,RWD,5,160,8.1,310.0,228.64422,0.3548387096774194,Medium,59.0,216.0,Lithium-ion,141,3.6610169491525424,110.0,CCS,370.0,1000.0,570.0,4658,1879,1623,SUV,Czech Republic
Ford,Capri Standard Range RWD,D - Large,RWD,5,160,9.0,310.0,228.64422,0.2741935483870967,Medium,52.0,192.0,Lithium-ion,163,3.692307692307693,85.0,CCS,320.0,1000.0,572.0,4643,1872,1626,Liftback Sedan,USA
Subaru,Solterra AWD,JC - Medium,AWD,5,160,6.9,336.0,247.820832,0.2976190476190476,Medium,64.0,96.0,Lithium-ion,154,1.5,100.0,CCS,320.0,750.0,441.0,4690,1860,1650,SUV,Japan
Renault,Megane E-Tech EV60 220hp (TU2025),C - Medium,FWD,5,160,7.4,300.0,221.2686,0.2933333333333333,Medium,60.0,288.0,Lithium-ion,133,4.8,88.0,CCS,380.0,900.0,440.0,4200,1860,1505,Hatchback,France
DS,N??4 E-Tense,JC - Medium,FWD,5,160,7.1,345.0,254.45889000000005,0.2028985507246377,Low,58.3,102.0,Lithium-ion,130,1.7495711835334478,70.0,CCS,375.0,1400.0,390.0,4400,1866,1470,Hatchback,France
CUPRA,Born 170 kW - 59 kWh,C - Medium,RWD,5,160,6.7,310.0,228.64422,0.3548387096774194,Medium,59.0,216.0,Lithium-ion,156,3.6610169491525424,110.0,CCS,360.0,1000.0,385.0,4322,1809,1540,Hatchback,Spain
CUPRA,Born 170 kW - 77 kWh,C - Medium,RWD,5,160,7.0,310.0,228.64422,0.4032258064516129,Medium,77.0,288.0,Lithium-ion,157,3.74025974025974,125.0,CCS,460.0,1000.0,385.0,4322,1809,1540,Hatchback,Spain
Skoda,Elroq 60,JC - Medium,RWD,5,160,8.5,310.0,228.64422,0.3548387096774194,Medium,59.0,216.0,Lithium-ion,149,3.6610169491525424,110.0,CCS,350.0,1000.0,470.0,4488,1884,1625,SUV,Czech Republic
Skoda,Elroq 50,JC - Medium,RWD,5,160,9.0,310.0,228.64422,0.2903225806451613,Medium,52.0,192.0,Lithium-ion,149,3.692307692307693,90.0,CCS,310.0,1000.0,470.0,4488,1884,1625,SUV,Czech Republic
BYD,ATTO 2,JB - Compact,FWD,5,160,7.9,290.0,213.89298,0.1758620689655172,Low,45.1,127.0,Lithium-ion,145,2.8159645232815964,51.0,CCS,245.0,750.0,400.0,4310,1830,1675,SUV,China
BYD,ATTO 3 (MY25),JC - Medium,FWD,5,160,7.3,310.0,228.64422,0.2419354838709677,Low,60.5,126.0,Lithium-ion,144,2.0826446280991737,75.0,CCS,340.0,750.0,440.0,4455,1875,1615,SUV,China
Ford,Puma Gen-E,JB - Compact,FWD,5,160,8.0,290.0,213.89298,0.293103448275862,Medium,43.6,332.0,Lithium-ion,126,7.614678899082569,85.0,CCS,275.0,750.0,523.0,4214,1805,1555,SUV,USA
BYD,DOLPHIN 44.9 kWh Boost,C - Medium,FWD,5,160,8.0,498.0127388535032,367.3152716942676,0.1003990382155829,Low,44.9,104.0,Lithium-ion,145,2.316258351893096,50.0,CCS,260.0,750.0,345.0,4290,1770,1570,Hatchback,China
BYD,DOLPHIN 60.4 kWh,C - Medium,FWD,5,160,7.0,310.0,228.64422,0.2096774193548387,Low,60.5,126.0,Lithium-ion,142,2.0826446280991737,65.0,CCS,350.0,750.0,345.0,4290,1770,1570,Hatchback,China
Audi,Q4 Sportback e-tron 40,JC - Medium,RWD,5,160,8.1,310.0,228.64422,0.3548387096774194,Medium,59.0,216.0,Lithium-ion,156,3.6610169491525424,110.0,CCS,340.0,1000.0,520.0,4588,1865,1614,SUV,Germany
Ford,Explorer Standard Range RWD,JC - Medium,RWD,5,160,8.7,310.0,228.64422,0.2741935483870967,Medium,52.0,192.0,Lithium-ion,137,3.692307692307693,85.0,CCS,305.0,1000.0,536.0,4468,1871,1630,SUV,USA
Kia,Niro EV,JC - Medium,FWD,5,167,7.8,255.0,188.07831,0.2745098039215686,Medium,64.8,96.0,Lithium-ion,140,1.4814814814814816,70.0,CCS,385.0,750.0,475.0,4420,1825,1570,SUV,Korea
Kia,EV4 Sedan Long Range,C - Medium,FWD,5,170,7.7,283.0,208.730046,0.3710247349823322,Medium,78.0,384.0,Lithium-ion,124,4.923076923076923,105.0,CCS,495.0,300.0,490.0,4730,1860,1480,Sedan,Korea
Kia,EV3 Long Range,JB - Compact,FWD,5,170,7.7,283.0,208.730046,0.3710247349823322,Medium,78.0,384.0,Lithium-ion,139,4.923076923076923,105.0,CCS,455.0,1000.0,460.0,4300,1850,1560,SUV,Korea
Kia,EV3 Standard Range,JB - Compact,FWD,5,170,7.5,283.0,208.730046,0.2826855123674912,Medium,55.0,384.0,Lithium-ion,133,6.9818181818181815,80.0,CCS,325.0,300.0,460.0,4300,1850,1560,SUV,Korea
Kia,EV4 Hatchback Long Range,C - Medium,FWD,5,170,7.7,283.0,208.730046,0.3710247349823322,Medium,78.0,384.0,Lithium-ion,132,4.923076923076923,105.0,CCS,475.0,300.0,435.0,4430,1860,1485,Hatchback,Korea
Kia,EV4 Hatchback Standard Range,C - Medium,FWD,5,170,7.4,283.0,208.730046,0.2826855123674912,Medium,55.0,384.0,Lithium-ion,134,6.9818181818181815,80.0,CCS,340.0,300.0,435.0,4430,1860,1485,Hatchback,Korea
Kia,EV4 Sedan Standard Range,C - Medium,FWD,5,170,7.4,283.0,208.730046,0.2826855123674912,Medium,55.0,384.0,Lithium-ion,128,6.9818181818181815,80.0,CCS,355.0,300.0,490.0,4730,1860,1480,Sedan,Korea
MG,S5  EV 49 kWh,JC - Medium,RWD,5,170,8.0,250.0,184.3905,0.32,Medium,47.1,104.0,Lithium-ion,139,2.208067940552017,80.0,CCS,275.0,750.0,453.0,4476,1849,1621,SUV,UK
Opel,Astra Electric,C - Medium,FWD,5,170,9.2,270.0,199.14174000000003,0.3148148148148148,Medium,50.8,102.0,Lithium-ion,128,2.0078740157480315,85.0,CCS,320.0,750.0,352.0,4374,1860,1470,Hatchback,Germany
Renault,Scenic E-Tech EV87 220hp,JC - Medium,FWD,5,170,7.9,300.0,221.2686,0.3166666666666666,Medium,87.0,288.0,Lithium-ion,143,3.310344827586207,95.0,CCS,480.0,1100.0,545.0,4470,1864,1571,SUV,France
Mini,Cooper SE,B - Compact,FWD,4,170,6.7,330.0,243.39546,0.2272727272727272,Low,49.2,216.0,Lithium-ion,127,4.390243902439024,75.0,CCS,330.0,750.0,200.0,3858,1756,1460,Hatchback,UK
Leapmotor,C10,JD - Large,RWD,5,170,7.5,320.0,236.01984,0.21875,Low,69.9,216.0,Lithium-ion,166,3.0901287553648067,70.0,CCS,350.0,1500.0,435.0,4739,1900,1680,SUV,China
Mini,Aceman SE,JB - Compact,FWD,5,170,7.1,330.0,243.39546,0.2272727272727272,Low,49.2,216.0,Lithium-ion,129,4.390243902439024,75.0,CCS,290.0,750.0,300.0,4079,1754,1514,SUV,UK
BMW,iX2 eDrive20,JC - Medium,FWD,5,170,8.6,247.0,182.177814,0.3805668016194332,Medium,64.7,216.0,Lithium-ion,147,3.338485316846986,94.0,CCS,395.0,750.0,525.0,4554,1845,1560,SUV,Germany
Opel,Astra Sports Tourer Electric,C - Medium,FWD,5,170,9.3,270.0,199.14174000000003,0.3148148148148148,Medium,50.8,102.0,Lithium-ion,123,2.0078740157480315,85.0,CCS,310.0,750.0,516.0,4642,1860,1480,Station/Estate,Germany
Alpine,A290 Electric 220 hp,B - Compact,FWD,5,170,6.4,300.0,221.2686,0.2333333333333333,Low,52.0,184.0,Lithium-ion,144,3.5384615384615383,70.0,CCS,305.0,500.0,326.0,3997,1823,1512,Hatchback,France
Mini,Countryman E,JC - Medium,FWD,5,170,8.6,250.0,184.3905,0.376,Medium,64.6,216.0,Lithium-ion,140,3.3436532507739942,94.0,CCS,380.0,750.0,460.0,4433,1843,1656,SUV,UK
Hyundai,Kona Electric 65 kWh,JB - Compact,FWD,5,170,7.8,255.0,188.07831,0.3372549019607843,Medium,65.4,384.0,Lithium-ion,144,5.871559633027522,86.0,CCS,390.0,750.0,466.0,4355,1825,1575,SUV,Korea
BMW,iX1 eDrive20,JC - Medium,FWD,5,170,8.3,247.0,182.177814,0.3805668016194332,Medium,64.7,216.0,Lithium-ion,150,3.338485316846986,94.0,CCS,390.0,750.0,490.0,4500,1845,1616,SUV,Germany
GWM,ORA 07 Pro,D - Large,FWD,5,170,8.2,340.0,250.77108,0.2205882352941176,Low,64.3,216.0,Lithium-ion,146,3.3592534992223952,75.0,CCS,350.0,1500.0,333.0,4871,1862,1500,Sedan,China
GWM,ORA 07 Pure,D - Large,FWD,5,170,8.2,340.0,250.77108,0.2205882352941176,Low,64.3,216.0,Lithium-ion,146,3.3592534992223952,75.0,CCS,350.0,1500.0,333.0,4871,1862,1500,Sedan,China
Peugeot,e-5008 97 kWh Long Range,JD - Large,FWD,7,170,9.6,345.0,254.45889000000005,0.391304347826087,Medium,96.9,102.0,Lithium-ion,152,1.0526315789473684,135.0,CCS,485.0,1000.0,348.0,4791,1895,1694,SUV,France
Peugeot,e-5008 73 kWh Dual Motor,JD - Large,AWD,7,170,7.0,511.0,376.894182,0.1761252446183953,Low,73.0,96.0,Lithium-ion,203,1.3150684931506849,90.0,CCS,360.0,1000.0,348.0,4791,1895,1694,SUV,France
Opel,Grandland 73 kWh,JC - Medium,FWD,5,170,9.0,260.0,191.76612,0.3461538461538461,Medium,73.0,96.0,Lithium-ion,145,1.3150684931506849,90.0,CCS,365.0,1200.0,550.0,4650,1934,1665,SUV,Germany
Peugeot,e-308,C - Medium,FWD,5,170,9.8,260.0,191.76612,0.3076923076923077,Medium,50.8,102.0,Lithium-ion,124,2.0078740157480315,80.0,CCS,300.0,1200.0,412.0,4367,1852,1441,Hatchback,France
Peugeot,e-3008 97 kWh Long Range,JC - Medium,FWD,5,170,8.7,345.0,254.45889000000005,0.391304347826087,Medium,96.9,102.0,Lithium-ion,145,1.0526315789473684,135.0,CCS,500.0,1200.0,588.0,4542,1895,1641,SUV,France
Peugeot,e-3008 73 kWh Dual Motor,JC - Medium,AWD,5,170,6.4,511.0,376.894182,0.1761252446183953,Low,73.0,96.0,Lithium-ion,195,1.3150684931506849,90.0,CCS,375.0,1250.0,588.0,4542,1895,1641,SUV,France
Peugeot,e-5008 73 kWh,JD - Large,FWD,7,170,9.7,345.0,254.45889000000005,0.2608695652173913,Medium,73.0,96.0,Lithium-ion,150,1.3150684931506849,90.0,CCS,370.0,1000.0,348.0,4791,1895,1694,SUV,France
Peugeot,e-3008 73 kWh,JC - Medium,FWD,5,170,8.8,345.0,254.45889000000005,0.2608695652173913,Medium,73.0,96.0,Lithium-ion,143,1.3150684931506849,90.0,CCS,380.0,1250.0,588.0,4542,1895,1641,SUV,France
Opel,Grandland 82 kWh,JC - Medium,FWD,5,170,9.0,260.0,191.76612,0.3846153846153846,Medium,82.2,159.0,Lithium-ion,146,1.9343065693430657,100.0,CCS,410.0,1200.0,550.0,4650,1934,1665,SUV,Germany
Omoda,E5,JC - Medium,FWD,5,172,7.6,340.0,250.77108,0.1764705882352941,Low,61.0,216.0,Lithium-ion,152,3.540983606557377,60.0,CCS,345.0,1500.0,380.0,4424,1830,1588,SUV,China
MG,ZS EV Standard Range,JB - Compact,FWD,5,175,8.6,280.0,206.51736,0.1785714285714285,Low,49.0,104.0,Lithium-ion,153,2.122448979591837,50.0,CCS,265.0,500.0,448.0,4323,1809,1649,SUV,UK
MG,ZS EV Long Range,JB - Compact,FWD,5,175,8.4,280.0,206.51736,0.2928571428571428,Medium,68.3,104.0,Lithium-ion,155,1.5226939970717424,82.0,CCS,370.0,500.0,448.0,4323,1809,1649,SUV,UK
BYD,SEAL U 87 kWh Design,JD - Large,FWD,5,175,9.6,330.0,243.39546,0.2575757575757575,Medium,87.0,160.0,Lithium-ion,174,1.839080459770115,85.0,CCS,425.0,1300.0,552.0,4785,1890,1668,SUV,China
Mazda,6e Long Range 80 kWh,D - Large,RWD,5,175,7.8,320.0,236.01984,0.21875,Low,75.0,216.0,Lithium-ion,136,2.88,70.0,CCS,440.0,1500.0,456.0,4921,1890,1491,Liftback Sedan,Japan
BYD,SEAL U 71.8 kWh Comfort,JD - Large,FWD,5,175,9.3,310.0,228.64422,0.232258064516129,Low,71.8,132.0,Lithium-ion,171,1.8384401114206128,72.0,CCS,360.0,1300.0,552.0,4785,1890,1668,SUV,China
Mazda,6e 68.8 kWh,D - Large,RWD,5,175,7.6,320.0,236.01984,0.375,Medium,66.0,216.0,Lithium-ion,138,3.272727272727273,120.0,CCS,390.0,1500.0,456.0,4921,1890,1491,Liftback Sedan,Japan
KGM,Torres EVX,JC - Medium,FWD,5,175,8.1,339.0,250.033518,0.2507374631268436,Medium,72.0,216.0,Lithium-ion,156,3.0,85.0,CCS,370.0,1500.0,839.0,4715,1890,1725,SUV,Korea
Volkswagen,ID.4 Pro 4MOTION,JC - Medium,AWD,5,180,6.6,679.0,500.80459800000006,0.1767304860088365,Low,77.0,288.0,Lithium-ion,155,3.74025974025974,120.0,CCS,435.0,1200.0,543.0,4584,1852,1631,SUV,Germany
Skoda,Enyaq 85x,JC - Medium,AWD,5,180,6.7,679.0,500.80459800000006,0.1767304860088365,Low,77.0,288.0,Lithium-ion,150,3.74025974025974,120.0,CCS,450.0,1200.0,585.0,4658,1879,1620,SUV,Czech Republic
Volkswagen,ID.5 GTX,JC - Medium,AWD,5,180,5.5,679.0,500.80459800000006,0.1767304860088365,Low,77.0,288.0,Lithium-ion,144,3.74025974025974,120.0,CCS,430.0,1200.0,549.0,4599,1852,1615,SUV,Germany
Volvo,EC40 Single Motor ER (MY26),JC - Medium,RWD,5,180,7.3,420.0,309.77604,0.2976190476190476,Medium,79.0,324.0,Lithium-ion,146,4.10126582278481,125.0,CCS,420.0,1500.0,404.0,4440,1873,1596,SUV,Sweden
Volkswagen,ID.5 Pro,JC - Medium,RWD,5,180,6.7,545.0,401.97129,0.2201834862385321,Low,77.0,288.0,Lithium-ion,138,3.74025974025974,120.0,CCS,460.0,1000.0,549.0,4599,1852,1615,SUV,Germany
Skoda,Elroq 85,JC - Medium,RWD,5,180,6.6,545.0,401.97129,0.2201834862385321,Low,77.0,288.0,Lithium-ion,145,3.74025974025974,120.0,CCS,450.0,1000.0,470.0,4488,1884,1625,SUV,Czech Republic
Volkswagen,ID.7 Pro,E - Executive,RWD,5,180,6.5,550.0,405.6591,0.2272727272727272,Low,77.0,288.0,Lithium-ion,132,3.74025974025974,125.0,CCS,475.0,1000.0,532.0,4961,1862,1536,Liftback Sedan,Germany
Skoda,Enyaq 85,JC - Medium,RWD,5,180,6.7,545.0,401.97129,0.2201834862385321,Low,77.0,288.0,Lithium-ion,141,3.74025974025974,120.0,CCS,455.0,1000.0,585.0,4658,1879,1622,SUV,Czech Republic
Volkswagen,ID.7 Pro S,E - Executive,RWD,5,180,6.6,550.0,405.6591,0.2636363636363636,Medium,86.0,312.0,Lithium-ion,133,3.627906976744186,145.0,CCS,525.0,1000.0,532.0,4961,1862,1536,Liftback Sedan,Germany
Volkswagen,ID.7 Tourer GTX,E - Executive,AWD,5,180,5.5,560.0,413.0347200000001,0.2589285714285714,Medium,86.0,312.0,Lithium-ion,147,3.627906976744186,145.0,CCS,500.0,1200.0,605.0,4961,1862,1536,Station/Estate,Germany
Volkswagen,ID.7 Tourer Pro S,E - Executive,RWD,5,180,6.7,550.0,405.6591,0.2636363636363636,Medium,86.0,312.0,Lithium-ion,125,3.627906976744186,145.0,CCS,520.0,1000.0,605.0,4961,1862,1536,Station/Estate,Germany
Volkswagen,ID.7 Tourer Pro,E - Executive,RWD,5,180,6.6,550.0,405.6591,0.2272727272727272,Low,77.0,288.0,Lithium-ion,146,3.74025974025974,125.0,CCS,470.0,1000.0,605.0,4961,1862,1536,Station/Estate,Germany
Volvo,EC40 Single Motor (MY26),JC - Medium,RWD,5,180,7.3,420.0,309.77604,0.2619047619047619,Medium,67.0,324.0,Lithium-ion,151,4.835820895522388,110.0,CCS,360.0,1500.0,404.0,4440,1873,1596,SUV,Sweden
Volkswagen,ID.7 GTX,E - Executive,AWD,5,180,5.4,560.0,413.0347200000001,0.2589285714285714,Medium,86.0,312.0,Lithium-ion,145,3.627906976744186,145.0,CCS,500.0,1200.0,532.0,4961,1862,1536,Liftback Sedan,Germany
Polestar,4 Long Range Single Motor,E - Executive,RWD,5,180,7.4,343.0,252.98376600000003,0.3935860058309038,Medium,94.0,110.0,Lithium-ion,157,1.1702127659574468,135.0,CCS,495.0,1500.0,526.0,4839,2008,1544,Liftback Sedan,Sweden/China
Volkswagen,ID.4 GTX,JC - Medium,AWD,5,180,5.4,679.0,500.80459800000006,0.1767304860088365,Low,77.0,288.0,Lithium-ion,152,3.74025974025974,120.0,CCS,420.0,1200.0,543.0,4584,1852,1631,SUV,Germany
Polestar,3 Long Range Single motor,JE - Executive,RWD,5,180,7.8,490.0,361.40538,0.3061224489795918,Medium,107.0,204.0,Lithium-ion,166,1.9065420560747663,150.0,CCS,530.0,1500.0,484.0,4900,1968,1614,SUV,Sweden/China
Smart,#3 Pro+,JB - Compact,RWD,5,180,5.8,343.0,252.98376600000003,0.3206997084548105,Medium,62.0,216.0,Lithium-ion,143,3.4838709677419355,110.0,CCS,355.0,1600.0,370.0,4400,1844,1556,SUV,Germany
Smart,#3 Pro,JB - Compact,RWD,5,180,5.9,343.0,252.98376600000003,0.1895043731778425,Low,47.0,216.0,Lithium-ion,145,4.595744680851064,65.0,CCS,265.0,1600.0,370.0,4400,1844,1556,SUV,Germany
Smart,#3 Premium,JB - Compact,RWD,5,180,5.8,343.0,252.98376600000003,0.3206997084548105,Medium,62.0,216.0,Lithium-ion,136,3.4838709677419355,110.0,CCS,355.0,1600.0,370.0,4400,1844,1556,SUV,Germany
Audi,Q4 e-tron 45,JC - Medium,RWD,5,180,6.7,545.0,401.97129,0.2201834862385321,Low,77.0,288.0,Lithium-ion,169,3.74025974025974,120.0,CCS,420.0,1000.0,520.0,4588,1865,1632,SUV,Germany
Audi,Q4 e-tron 45 quattro,JC - Medium,AWD,5,180,6.6,679.0,500.80459800000006,0.1767304860088365,Low,77.0,288.0,Lithium-ion,171,3.74025974025974,120.0,CCS,395.0,1200.0,520.0,4588,1865,1632,SUV,Germany
Audi,Q4 e-tron 55 quattro,JC - Medium,AWD,5,180,5.4,679.0,500.80459800000006,0.1767304860088365,Low,77.0,288.0,Lithium-ion,171,3.74025974025974,120.0,CCS,395.0,1200.0,520.0,4588,1865,1632,SUV,Germany
Smart,#3 Brabus,JB - Compact,AWD,5,180,3.7,543.0,400.496166,0.1841620626151013,Low,62.0,216.0,Lithium-ion,149,3.4838709677419355,100.0,CCS,335.0,1600.0,370.0,4400,1844,1556,SUV,Germany
Smart,#1 Pure+,JB - Compact,RWD,5,180,6.7,343.0,252.98376600000003,0.2915451895043732,Medium,62.0,216.0,Lithium-ion,148,3.4838709677419355,100.0,CCS,335.0,1600.0,323.0,4270,1822,1636,SUV,Germany
Smart,#1 Pure,JB - Compact,RWD,5,180,6.7,343.0,252.98376600000003,0.1895043731778425,Low,47.0,216.0,Lithium-ion,152,4.595744680851064,65.0,CCS,250.0,1600.0,323.0,4270,1822,1636,SUV,Germany
Smart,#1 Pulse,JB - Compact,AWD,5,180,4.5,584.0,430.736208,0.1712328767123287,Low,62.0,216.0,Lithium-ion,155,3.4838709677419355,100.0,CCS,325.0,1600.0,313.0,4300,1822,1636,SUV,Germany
Smart,#1 Pro+,JB - Compact,RWD,5,180,6.7,343.0,252.98376600000003,0.2915451895043732,Medium,62.0,216.0,Lithium-ion,148,3.4838709677419355,100.0,CCS,335.0,1600.0,323.0,4270,1822,1636,SUV,Germany
Volkswagen,ID.4 Pro,JC - Medium,RWD,5,180,6.7,545.0,401.97129,0.2201834862385321,Low,77.0,288.0,Lithium-ion,149,3.74025974025974,120.0,CCS,445.0,1000.0,543.0,4584,1852,1631,SUV,Germany
Smart,#1 Pro,JB - Compact,RWD,5,180,6.7,343.0,252.98376600000003,0.1895043731778425,Low,47.0,216.0,Lithium-ion,152,4.595744680851064,65.0,CCS,250.0,1600.0,323.0,4270,1822,1636,SUV,Germany
Volvo,EC40 Twin Motor (MY26),JC - Medium,AWD,5,180,4.8,670.0,494.16654000000005,0.1865671641791045,Low,79.0,324.0,Lithium-ion,155,4.10126582278481,125.0,CCS,400.0,1800.0,404.0,4440,1873,1596,SUV,Sweden
Smart,#1 Brabus,JB - Compact,AWD,5,180,3.9,584.0,430.736208,0.1712328767123287,Low,62.0,216.0,Lithium-ion,155,3.4838709677419355,100.0,CCS,325.0,1600.0,313.0,4300,1822,1636,SUV,Germany
Volkswagen,ID.3 GTX,C - Medium,RWD,5,180,5.9,545.0,401.97129,0.2477064220183486,Low,79.0,288.0,Lithium-ion,131,3.645569620253165,135.0,CCS,470.0,1000.0,385.0,4322,1809,1538,Hatchback,Germany
Skoda,Enyaq RS,JC - Medium,AWD,5,180,5.4,679.0,500.80459800000006,0.198821796759941,Low,79.0,288.0,Lithium-ion,147,3.645569620253165,135.0,CCS,460.0,1200.0,585.0,4660,1879,1607,SUV,Czech Republic
Audi,Q4 Sportback e-tron 55 quattro,JC - Medium,AWD,5,180,5.4,679.0,500.80459800000006,0.1767304860088365,Low,77.0,288.0,Lithium-ion,165,3.74025974025974,120.0,CCS,415.0,1200.0,535.0,4588,1865,1614,SUV,Germany
Mini,Countryman SE ALL4,JC - Medium,AWD,5,180,5.6,494.0,364.355628,0.1902834008097166,Low,64.6,216.0,Lithium-ion,149,3.3436532507739942,94.0,CCS,365.0,1200.0,460.0,4433,1843,1656,SUV,UK
Audi,Q4 Sportback e-tron 45 quattro,JC - Medium,AWD,5,180,6.6,679.0,500.80459800000006,0.1767304860088365,Low,77.0,288.0,Lithium-ion,165,3.74025974025974,120.0,CCS,410.0,1200.0,535.0,4588,1865,1614,SUV,Germany
Audi,Q4 Sportback e-tron 45,JC - Medium,RWD,5,180,6.7,545.0,401.97129,0.2201834862385321,Low,77.0,288.0,Lithium-ion,162,3.74025974025974,120.0,CCS,435.0,1000.0,535.0,4588,1865,1614,SUV,Germany
Mercedes-Benz,G 580,JF - Luxury,AWD,5,180,4.7,1164.0,858.5221680000001,0.1288659793814432,Low,116.0,216.0,Lithium-ion,267,1.862068965517241,150.0,CCS,360.0,1500.0,555.0,4624,1931,1986,SUV,Germany
Skoda,Enyaq Coupe RS,JC - Medium,AWD,5,180,5.4,679.0,500.80459800000006,0.198821796759941,Low,79.0,288.0,Lithium-ion,143,3.645569620253165,135.0,CCS,470.0,1200.0,570.0,4660,1879,1608,SUV,Czech Republic
Skoda,Enyaq Coupe 85x,JC - Medium,AWD,5,180,6.7,679.0,500.80459800000006,0.1767304860088365,Low,77.0,288.0,Lithium-ion,146,3.74025974025974,120.0,CCS,460.0,1200.0,570.0,4658,1879,1621,SUV,Czech Republic
Skoda,Enyaq Coupe 85,JC - Medium,RWD,5,180,6.7,545.0,401.97129,0.2201834862385321,Low,77.0,288.0,Lithium-ion,138,3.74025974025974,120.0,CCS,470.0,1000.0,570.0,4658,1879,1623,SUV,Czech Republic
Smart,#1 Premium,JB - Compact,RWD,5,180,6.7,343.0,252.98376600000003,0.2915451895043732,Medium,62.0,216.0,Lithium-ion,141,3.4838709677419355,100.0,CCS,335.0,1600.0,323.0,4270,1822,1636,SUV,Germany
Volvo,EC40 Twin Motor Performance (MY26),JC - Medium,AWD,5,180,4.6,670.0,494.16654000000005,0.1865671641791045,Low,79.0,324.0,Lithium-ion,155,4.10126582278481,125.0,CCS,400.0,1800.0,404.0,4440,1873,1596,SUV,Sweden
CUPRA,Tavascan VZ,JC - Medium,AWD,5,180,5.5,545.0,401.97129,0.2201834862385321,Low,77.0,288.0,Lithium-ion,150,3.74025974025974,120.0,CCS,425.0,1200.0,540.0,4644,1861,1597,SUV,Spain
Volvo,ES90 Twin Motor (MY26),F - Luxury,AWD,5,180,5.5,670.0,494.16654000000005,0.3358208955223881,Medium,102.0,324.0,Lithium-ion,146,3.176470588235294,225.0,CCS,530.0,2000.0,446.0,5000,1942,1546,Liftback Sedan,Sweden
Volvo,EX90 Twin Motor Performance (MY24-26),JF - Luxury,AWD,7,180,4.9,910.0,671.18142,0.1648351648351648,Low,107.0,204.0,Lithium-ion,188,1.9065420560747663,150.0,CCS,455.0,2200.0,310.0,5037,1964,1744,SUV,Sweden
Jeep,Compass Electric 74 kWh,JC - Medium,FWD,5,180,8.5,345.0,254.45889000000005,0.2608695652173913,Medium,74.0,102.0,Lithium-ion,148,1.3783783783783785,90.0,CCS,370.0,1000.0,550.0,4552,1928,1675,SUV,USA
Skoda,Elroq RS,JC - Medium,AWD,5,180,5.4,679.0,500.80459800000006,0.198821796759941,Low,79.0,288.0,Lithium-ion,151,3.645569620253165,135.0,CCS,450.0,1200.0,470.0,4488,1884,1608,SUV,Czech Republic
GWM,ORA 07 GT,D - Large,AWD,5,180,4.5,680.0,501.54216,0.1176470588235294,Low,83.5,216.0,Lithium-ion,161,2.586826347305389,80.0,CCS,430.0,1500.0,333.0,4871,1862,1500,Sedan,China
BMW,iX1 xDrive30,JC - Medium,AWD,5,180,5.6,494.0,364.355628,0.1902834008097166,Low,64.7,216.0,Lithium-ion,155,3.338485316846986,94.0,CCS,380.0,1200.0,490.0,4500,1845,1616,SUV,Germany
Ford,Mustang Mach-E SR RWD (MY25),JD - Large,RWD,5,180,6.2,525.0,387.22005,0.1904761904761904,Low,72.6,332.0,Lithium-ion,154,4.573002754820937,100.0,CCS,380.0,750.0,519.0,4713,1881,1624,SUV,USA
Ford,Mustang Mach-E SR RWD (MY24),JD - Large,RWD,5,180,6.2,525.0,387.22005,0.1904761904761904,Low,72.6,332.0,Lithium-ion,154,4.573002754820937,100.0,CCS,385.0,750.0,519.0,4713,1881,1624,SUV,USA
Ford,Mustang Mach-E ER RWD (MY24),JD - Large,RWD,5,180,5.9,525.0,387.22005,0.219047619047619,Low,91.0,376.0,Lithium-ion,152,4.131868131868132,115.0,CCS,480.0,1500.0,519.0,4713,1881,1624,SUV,USA
Ford,Mustang Mach-E ER RWD (MY25),JD - Large,RWD,5,180,6.1,525.0,387.22005,0.2,Low,88.0,332.0,Lithium-ion,147,3.772727272727273,105.0,CCS,475.0,1500.0,519.0,4713,1881,1624,SUV,USA
Ford,Mustang Mach-E ER AWD (MY24),JD - Large,AWD,5,180,4.6,675.0,497.85435,0.1703703703703703,Low,91.0,376.0,Lithium-ion,165,4.131868131868132,115.0,CCS,445.0,1500.0,519.0,4713,1881,1624,SUV,USA
Ford,Mustang Mach-E ER AWD (MY25),JD - Large,AWD,5,180,4.8,675.0,497.85435,0.1555555555555555,Low,88.0,332.0,Lithium-ion,160,3.772727272727273,105.0,CCS,435.0,1500.0,519.0,4713,1881,1624,SUV,USA
Ford,Explorer Extended Range RWD,JC - Medium,RWD,5,180,6.4,545.0,401.97129,0.2201834862385321,Low,77.0,288.0,Lithium-ion,139,3.74025974025974,120.0,CCS,435.0,1000.0,536.0,4468,1871,1630,SUV,USA
Ford,Explorer Extended Range AWD,JC - Medium,AWD,5,180,5.3,679.0,500.80459800000006,0.198821796759941,Low,79.0,288.0,Lithium-ion,153,3.645569620253165,135.0,CCS,440.0,1200.0,536.0,4468,1871,1639,SUV,USA
Ford,Capri Extended Range RWD,D - Large,RWD,5,180,6.4,545.0,401.97129,0.2201834862385321,Low,77.0,288.0,Lithium-ion,135,3.74025974025974,120.0,CCS,455.0,1000.0,572.0,4643,1872,1626,Liftback Sedan,USA
Ford,Capri Extended Range AWD,D - Large,AWD,5,180,5.3,679.0,500.80459800000006,0.198821796759941,Low,79.0,288.0,Lithium-ion,148,3.645569620253165,135.0,CCS,455.0,1200.0,572.0,4643,1872,1626,Liftback Sedan,USA
BMW,iX2 xDrive30,JC - Medium,AWD,5,180,5.6,494.0,364.355628,0.1902834008097166,Low,64.7,216.0,Lithium-ion,155,3.338485316846986,94.0,CCS,385.0,1200.0,525.0,4554,1845,1560,SUV,Germany
BYD,SEAL 82.5 kWh AWD Excellence,D - Large,AWD,5,180,3.8,670.0,494.16654000000005,0.1492537313432835,Low,82.5,172.0,Lithium-ion,159,2.084848484848485,100.0,CCS,445.0,1500.0,400.0,4800,1875,1460,Sedan,China
BYD,SEAL 82.5 kWh RWD Design,D - Large,RWD,5,180,5.9,360.0,265.52232000000004,0.2777777777777778,Medium,82.5,172.0,Lithium-ion,145,2.084848484848485,100.0,CCS,480.0,750.0,400.0,4800,1875,1460,Sedan,China
CUPRA,Tavascan Endurance,JC - Medium,RWD,5,180,6.8,545.0,401.97129,0.2201834862385321,Low,77.0,288.0,Lithium-ion,142,3.74025974025974,120.0,CCS,445.0,1000.0,540.0,4644,1861,1597,SUV,Spain
Volvo,EX90 Twin Motor (MY24-26),JF - Luxury,AWD,7,180,5.9,770.0,567.9227400000001,0.1948051948051948,Low,107.0,204.0,Lithium-ion,188,1.9065420560747663,150.0,CCS,470.0,2200.0,310.0,5037,1964,1744,SUV,Sweden
Volvo,EX90 Single Motor (MY24-26),JF - Luxury,RWD,7,180,8.4,490.0,361.40538,0.2857142857142857,Medium,100.0,192.0,Lithium-ion,182,1.92,140.0,CCS,460.0,1200.0,310.0,5037,1964,1744,SUV,Sweden
Volvo,ES90 Single Motor (MY26),F - Luxury,RWD,5,180,6.9,480.0,354.02976,0.3958333333333333,Medium,88.0,324.0,Lithium-ion,135,3.6818181818181817,190.0,CCS,485.0,1600.0,446.0,5000,1942,1546,Liftback Sedan,Sweden
Lynk&Co,02,JC - Medium,RWD,5,180,5.5,343.0,252.98376600000003,0.2623906705539358,Medium,65.0,216.0,Lithium-ion,149,3.3230769230769237,90.0,CCS,370.0,1600.0,410.0,4460,1845,1573,SUV,China
Volvo,EX40 Single Motor ER (MY26),JC - Medium,RWD,5,180,7.3,420.0,309.77604,0.2976190476190476,Medium,79.0,324.0,Lithium-ion,152,4.10126582278481,125.0,CCS,400.0,1500.0,410.0,4440,1863,1652,SUV,Sweden
Volvo,EX40 Single Motor (MY26),JC - Medium,RWD,5,180,7.3,420.0,309.77604,0.2619047619047619,Medium,67.0,324.0,Lithium-ion,154,4.835820895522388,110.0,CCS,345.0,1500.0,410.0,4440,1863,1652,SUV,Sweden
Volvo,EX30 Twin Motor Performance (MY24-26),JB - Compact,AWD,5,180,3.6,543.0,400.496166,0.2081031307550644,Low,65.0,324.0,Lithium-ion,145,4.984615384615385,113.0,CCS,340.0,1600.0,318.0,4233,1837,1549,SUV,Sweden
Maxus,MIFA 9,N - Passenger Van,FWD,7,180,9.2,350.0,258.1467,0.2942857142857142,Medium,84.0,216.0,Lithium-ion,195,2.571428571428572,103.0,CCS,365.0,1000.0,31.0,5270,2000,1840,Small Passenger Van,China
Volvo,EX30 Single Motor ER (MY24-26),JB - Compact,RWD,5,180,5.3,343.0,252.98376600000003,0.3294460641399417,Medium,65.0,324.0,Lithium-ion,138,4.984615384615385,113.0,CCS,365.0,1600.0,318.0,4233,1837,1549,SUV,Sweden
Volvo,EX30 Single Motor (MY24-26),JB - Compact,RWD,5,180,5.7,343.0,252.98376600000003,0.2332361516034985,Low,49.0,324.0,Lithium-ion,147,6.612244897959184,80.0,CCS,275.0,1000.0,318.0,4233,1837,1549,SUV,Sweden
Volvo,EX30 Cross Country (MY26),JB - Compact,AWD,5,180,3.7,543.0,400.496166,0.2099447513812154,Low,65.0,324.0,Lithium-ion,152,4.984615384615385,114.0,CCS,330.0,1600.0,318.0,4233,1837,1573,SUV,Sweden
Volvo,EX40 Twin Motor Performance (MY26),JC - Medium,AWD,5,180,4.6,670.0,494.16654000000005,0.1865671641791045,Low,79.0,324.0,Lithium-ion,163,4.10126582278481,125.0,CCS,385.0,1800.0,410.0,4440,1863,1652,SUV,Sweden
MG,4 Electric 77 kWh,C - Medium,RWD,5,180,6.5,350.0,258.1467,0.3142857142857143,Medium,74.4,104.0,Lithium-ion,143,1.3978494623655913,110.0,CCS,425.0,500.0,363.0,4287,1836,1516,Hatchback,UK
Volvo,ES90 Twin Motor Performance (MY26),F - Luxury,AWD,5,180,4.0,870.0,641.67894,0.2586206896551724,Medium,102.0,324.0,Lithium-ion,146,3.176470588235294,225.0,CCS,530.0,2000.0,446.0,5000,1942,1546,Liftback Sedan,Sweden
Volvo,EX40 Twin Motor (MY26),JC - Medium,AWD,5,180,4.8,670.0,494.16654000000005,0.1865671641791045,Low,79.0,324.0,Lithium-ion,163,4.10126582278481,125.0,CCS,385.0,1800.0,410.0,4440,1863,1652,SUV,Sweden
Genesis,GV60 Premium,JC - Medium,RWD,5,185,7.8,350.0,258.1467,0.5714285714285714,High,74.0,384.0,Lithium-ion,143,5.1891891891891895,200.0,CCS,390.0,1600.0,432.0,4515,1890,1580,SUV,Korea
Kia,EV6 Long Range 2WD,JC - Medium,RWD,5,185,7.3,350.0,258.1467,0.5857142857142857,High,80.0,384.0,Lithium-ion,143,4.8,205.0,CCS,455.0,1800.0,490.0,4695,1880,1575,SUV,Korea
Hyundai,IONIQ 5 84 kWh AWD (MY24),JC - Medium,AWD,5,185,5.3,605.0,446.22501000000005,0.3388429752066115,Medium,80.0,384.0,Lithium-ion,162,4.8,205.0,CCS,445.0,1600.0,520.0,4655,1890,1605,SUV,Korea
Hyundai,IONIQ 5 84 kWh RWD (MY24),JC - Medium,RWD,5,185,7.5,350.0,258.1467,0.5857142857142857,High,80.0,384.0,Lithium-ion,155,4.8,205.0,CCS,450.0,1600.0,520.0,4655,1890,1605,SUV,Korea
Hyundai,IONIQ 9 Long Range RWD,JF - Luxury,RWD,7,185,9.4,350.0,258.1467,0.5571428571428572,High,106.0,384.0,Lithium-ion,171,3.6226415094339615,195.0,CCS,500.0,1600.0,338.0,5060,1980,1790,SUV,Korea
Hyundai,IONIQ 6 Long Range 2WD,D - Large,RWD,5,185,7.4,350.0,258.1467,0.5714285714285714,High,74.0,384.0,Lithium-ion,136,5.1891891891891895,200.0,CCS,495.0,1500.0,401.0,4855,1880,1495,Sedan,Korea
Hyundai,IONIQ 6 Standard Range 2WD,D - Large,RWD,5,185,8.8,350.0,258.1467,0.3428571428571428,Medium,50.0,264.0,Lithium-ion,117,5.28,120.0,CCS,335.0,750.0,401.0,4855,1880,1495,Sedan,Korea
Hyundai,IONIQ 5 63 kWh RWD (MY24),JC - Medium,RWD,5,185,8.5,350.0,258.1467,0.4285714285714285,Medium,60.0,288.0,Lithium-ion,136,4.8,150.0,CCS,345.0,750.0,520.0,4655,1890,1605,SUV,Korea
Kia,EV6 Long Range AWD,JC - Medium,AWD,5,185,5.2,605.0,446.22501000000005,0.3388429752066115,Medium,80.0,384.0,Lithium-ion,154,4.8,205.0,CCS,440.0,1800.0,490.0,4695,1880,1575,SUV,Korea
Hyundai,IONIQ 6 Long Range AWD,D - Large,AWD,5,185,5.1,605.0,446.22501000000005,0.3305785123966942,Medium,74.0,384.0,Lithium-ion,143,5.1891891891891895,200.0,CCS,440.0,1500.0,401.0,4855,1880,1495,Sedan,Korea
Kia,EV6 Standard Range 2WD,JC - Medium,RWD,5,185,8.7,350.0,258.1467,0.4285714285714285,Medium,60.0,288.0,Lithium-ion,140,4.8,150.0,CCS,345.0,750.0,490.0,4695,1880,1575,SUV,Korea
MG,5 Electric Long Range,C - Medium,FWD,5,185,7.7,280.0,206.51736,0.2142857142857142,Low,57.4,104.0,Lithium-ion,151,1.8118466898954704,60.0,CCS,335.0,500.0,479.0,4600,1818,1543,Station/Estate,UK
MG,5 Electric Standard Range,C - Medium,FWD,5,185,7.7,280.0,206.51736,0.1892857142857142,Low,46.0,104.0,Lithium-ion,148,2.260869565217391,53.0,CCS,265.0,500.0,479.0,4600,1818,1543,Station/Estate,UK
Kia,EV9 99.8 kWh RWD,JF - Luxury,RWD,7,185,9.4,350.0,258.1467,0.5542857142857143,High,96.0,456.0,Lithium-ion,171,4.75,194.0,CCS,450.0,900.0,333.0,5010,1980,1755,SUV,Korea
BYD,TANG Flagship,JE - Executive,AWD,7,190,4.9,700.0,516.2934,0.1428571428571428,Low,108.8,127.0,Lithium-ion,205,1.1672794117647058,100.0,CCS,460.0,1500.0,235.0,4970,1955,1745,SUV,China
Zeekr,X Long Range RWD (MY25),JB - Compact,RWD,5,190,5.6,343.0,252.98376600000003,0.3323615160349854,Medium,65.0,110.0,Lithium-ion,146,1.6923076923076923,114.0,CCS,360.0,1600.0,362.0,4432,1836,1566,SUV,China
DS,N??8 AWD Long Range,JD - Large,AWD,5,190,5.4,511.0,376.894182,0.2544031311154598,Medium,97.2,102.0,Lithium-ion,146,1.0493827160493827,130.0,CCS,530.0,1400.0,620.0,4834,1920,1574,SUV,France
BMW,i4 eDrive35,D - Large,RWD,5,190,6.0,400.0,295.0248,0.2375,Low,67.1,216.0,Lithium-ion,174,3.219076005961252,95.0,CCS,430.0,1600.0,470.0,4783,1852,1448,Liftback Sedan,Germany
DS,N??8 FWD,JD - Large,FWD,5,190,7.7,345.0,254.45889000000005,0.2898550724637681,Medium,73.7,102.0,Lithium-ion,141,1.383989145183175,100.0,CCS,415.0,1260.0,620.0,4834,1920,1574,SUV,France
BMW,i4 eDrive40,D - Large,RWD,5,190,5.6,430.0,317.15166000000005,0.3046511627906976,Medium,81.3,216.0,Lithium-ion,174,2.656826568265682,131.0,CCS,515.0,1600.0,470.0,4783,1852,1448,Liftback Sedan,Germany
Zeekr,X Core RWD (MY25),JB - Compact,RWD,5,190,5.9,343.0,252.98376600000003,0.2040816326530612,Low,49.0,110.0,Lithium-ion,148,2.2448979591836733,70.0,CCS,265.0,1600.0,362.0,4432,1836,1566,SUV,China
Zeekr,X Privilege AWD (MY25),JB - Compact,AWD,5,190,3.8,543.0,400.496166,0.2099447513812154,Low,65.0,110.0,Lithium-ion,153,1.6923076923076923,114.0,CCS,350.0,1600.0,362.0,4432,1836,1566,SUV,China
Kia,EV9 76.1 kWh RWD,JF - Luxury,RWD,7,190,8.5,350.0,258.1467,0.4571428571428571,Medium,73.0,348.0,Lithium-ion,165,4.767123287671233,160.0,CCS,355.0,900.0,333.0,5010,1980,1755,SUV,Korea
MG,S5  EV 64 kWh,JC - Medium,RWD,5,190,6.3,350.0,258.1467,0.2571428571428571,Medium,62.1,104.0,Lithium-ion,134,1.6747181964573268,90.0,CCS,365.0,750.0,453.0,4476,1849,1621,SUV,UK
DS,N??8 FWD Long Range,JD - Large,FWD,5,190,7.8,345.0,254.45889000000005,0.3768115942028985,Medium,97.2,102.0,Lithium-ion,136,1.0493827160493827,130.0,CCS,545.0,1200.0,620.0,4834,1920,1574,SUV,France
BMW,i5 eDrive40 Touring (MY25),E - Executive,RWD,5,193,6.1,400.0,295.0248,0.34,Medium,81.2,216.0,Lithium-ion,165,2.6600985221674875,136.0,CCS,465.0,1500.0,570.0,5060,1900,1515,Station/Estate,Germany
BMW,i5 eDrive40 Sedan (MY25),E - Executive,RWD,5,193,6.0,400.0,295.0248,0.34,Medium,81.2,216.0,Lithium-ion,159,2.6600985221674875,136.0,CCS,480.0,1500.0,490.0,5060,1900,1515,Sedan,Germany
MG,Cyberster Trophy,G - Sports,RWD,2,195,5.0,475.0,350.34195,0.1789473684210526,Low,74.4,104.0,Lithium-ion,146,1.3978494623655913,85.0,CCS,425.0,500.0,249.0,4535,1913,1329,Cabriolet,UK
MG,Cyberster GT,G - Sports,AWD,2,200,3.2,725.0,534.7324500000001,0.1172413793103448,Low,74.4,104.0,Lithium-ion,168,1.3978494623655913,85.0,CCS,395.0,500.0,249.0,4535,1913,1329,Cabriolet,UK
Zeekr,001 Privilege AWD,E - Executive,AWD,5,200,3.8,686.0,505.96753200000006,0.1967930029154519,Low,94.0,110.0,Lithium-ion,162,1.1702127659574468,135.0,CCS,480.0,2000.0,539.0,4955,1999,1548,Liftback Sedan,China
Polestar,4 Long Range Dual Motor,E - Executive,AWD,5,200,3.8,686.0,505.96753200000006,0.1967930029154519,Low,94.0,110.0,Lithium-ion,165,1.1702127659574468,135.0,CCS,485.0,2000.0,526.0,4839,2008,1544,Liftback Sedan,Sweden/China
BMW,iX xDrive45,JE - Executive,AWD,5,200,5.1,700.0,516.2934,0.1642857142857142,Low,94.8,216.0,Lithium-ion,193,2.278481012658228,115.0,CCS,470.0,2500.0,500.0,4965,1970,1695,SUV,Germany
Zeekr,001 Performance AWD,E - Executive,AWD,5,200,3.8,686.0,505.96753200000006,0.1967930029154519,Low,94.0,110.0,Lithium-ion,159,1.1702127659574468,135.0,CCS,480.0,2000.0,539.0,4955,1999,1560,Liftback Sedan,China
Genesis,GV60 Sport,JC - Medium,AWD,5,200,5.5,605.0,446.22501000000005,0.3305785123966942,Medium,74.0,384.0,Lithium-ion,157,5.1891891891891895,200.0,CCS,375.0,1600.0,432.0,4515,1890,1580,SUV,Korea
Lucid,Air Pure RWD,F - Luxury,RWD,5,200,4.7,498.0127388535032,367.3152716942676,0.3212769222898654,Medium,92.0,5400.0,Lithium-ion,130,58.69565217391305,160.0,CCS,565.0,1500.0,456.0,4975,1939,1410,Sedan,USA
Smart,#5 Summit Edition,JD - Large,AWD,5,200,4.9,643.0,474.25236600000005,0.3576982892690513,Medium,94.0,216.0,Lithium-ion,174,2.297872340425532,230.0,CCS,455.0,1600.0,630.0,4695,1920,1705,SUV,Germany
Smart,#5 Pulse,JD - Large,AWD,5,200,4.9,643.0,474.25236600000005,0.3576982892690513,Medium,94.0,216.0,Lithium-ion,174,2.297872340425532,230.0,CCS,455.0,1600.0,630.0,4695,1920,1705,SUV,Germany
Smart,#5 Pro+,JD - Large,RWD,5,200,6.5,373.0,275.110626,0.6166219839142091,High,94.0,216.0,Lithium-ion,159,2.297872340425532,230.0,CCS,465.0,1600.0,630.0,4695,1920,1705,SUV,Germany
Smart,#5 Pro,JD - Large,RWD,5,200,6.9,373.0,275.110626,0.2949061662198391,Medium,74.4,216.0,Lithium-ion,160,2.9032258064516125,110.0,CCS,370.0,1600.0,630.0,4695,1920,1705,SUV,Germany
Smart,#5 Premium,JD - Large,RWD,5,200,6.5,373.0,275.110626,0.6166219839142091,High,94.0,216.0,Lithium-ion,159,2.297872340425532,230.0,CCS,465.0,1600.0,630.0,4695,1920,1705,SUV,Germany
MG,4 Electric XPOWER,C - Medium,AWD,5,200,3.8,600.0,442.5372,0.1933333333333333,Low,61.7,104.0,Lithium-ion,160,1.6855753646677472,116.0,CCS,320.0,500.0,363.0,4287,1836,1516,Hatchback,UK
Ford,Mustang Mach-E Rally (MY24),JD - Large,AWD,5,200,3.9,950.0,700.6839,0.1210526315789473,Low,91.0,376.0,Lithium-ion,178,4.131868131868132,115.0,CCS,410.0,750.0,519.0,4743,1881,1633,SUV,USA
Ford,Mustang Mach-E Rally (MY25),JD - Large,AWD,5,200,3.9,950.0,700.6839,0.1210526315789473,Low,91.0,376.0,Lithium-ion,178,4.131868131868132,115.0,CCS,415.0,750.0,519.0,4743,1881,1633,SUV,USA
Ford,Mustang Mach-E GT (MY25),JD - Large,AWD,5,200,3.8,950.0,700.6839,0.1210526315789473,Low,91.0,376.0,Lithium-ion,177,4.131868131868132,115.0,CCS,435.0,750.0,519.0,4743,1881,1613,SUV,USA
Ford,Mustang Mach-E GT (MY24),JD - Large,AWD,5,200,3.8,950.0,700.6839,0.1210526315789473,Low,91.0,376.0,Lithium-ion,177,4.131868131868132,115.0,CCS,425.0,750.0,519.0,4743,1881,1613,SUV,USA
CUPRA,Born VZ,C - Medium,RWD,5,200,5.6,545.0,401.97129,0.2477064220183486,Low,79.0,288.0,Lithium-ion,149,3.645569620253165,135.0,CCS,465.0,1000.0,385.0,4322,1809,1538,Hatchback,Spain
BMW,iX xDrive60,JE - Executive,AWD,5,200,4.6,765.0,564.2349300000001,0.196078431372549,Low,109.1,216.0,Lithium-ion,194,1.9798350137488545,150.0,CCS,525.0,2500.0,500.0,4965,1970,1695,SUV,Germany
Alfa,Romeo Junior Elettrica 54 kWh Veloce,JB - Compact,FWD,5,200,6.0,345.0,254.45889000000005,0.2463768115942029,Low,50.8,102.0,Lithium-ion,164,2.0078740157480315,85.0,CCS,310.0,1500.0,400.0,4173,1781,1505,SUV,Italy
Hongqi,E-HS9 120 kWh,JF - Luxury,AWD,5,200,4.9,750.0,553.1715,0.1466666666666666,Low,112.0,216.0,Lithium-ion,217,1.9285714285714288,110.0,CCS,455.0,1500.0,438.0,5209,2010,1731,SUV,China
Hongqi,E-HS9 84 kWh,JF - Luxury,AWD,5,200,6.5,600.0,442.5372,0.1866666666666666,Low,76.5,216.0,Lithium-ion,193,2.823529411764706,112.0,CCS,320.0,1500.0,438.0,5209,2010,1731,SUV,China
Nissan,Ariya e-4ORCE 87kWh - 225 kW,JC - Medium,AWD,5,200,5.7,600.0,442.5372,0.1833333333333333,Low,87.0,216.0,Lithium-ion,190,2.4827586206896552,110.0,CCS,405.0,1500.0,415.0,4595,1850,1660,SUV,Japan
Kia,EV9 99.8 kWh AWD,JF - Luxury,AWD,7,200,6.0,600.0,442.5372,0.3233333333333333,Medium,96.0,456.0,Lithium-ion,188,4.75,194.0,CCS,435.0,2500.0,333.0,5010,1980,1755,SUV,Korea
NIO,ET7 Standard Range,F - Luxury,AWD,5,200,3.8,850.0,626.9277000000001,0.1294117647058823,Low,73.5,118.0,Lithium-ion,191,1.6054421768707483,110.0,CCS,415.0,2000.0,363.0,5101,1987,1509,Sedan,China
NIO,ET7 Long Range,F - Luxury,AWD,5,200,3.8,850.0,626.9277000000001,0.1176470588235294,Low,90.0,96.0,Lithium-ion,178,1.0666666666666669,100.0,CCS,505.0,2000.0,363.0,5101,1987,1509,Sedan,China
NIO,ET5 Touring Standard Range,E - Executive,AWD,5,200,4.0,700.0,516.2934,0.1571428571428571,Low,73.5,118.0,Lithium-ion,169,1.6054421768707483,110.0,CCS,400.0,1400.0,450.0,4790,1960,1499,Station/Estate,China
NIO,ET5 Touring Long Range,E - Executive,AWD,5,200,4.0,700.0,516.2934,0.1928571428571428,Low,90.0,96.0,Lithium-ion,178,1.0666666666666669,135.0,CCS,485.0,1400.0,450.0,4790,1960,1499,Station/Estate,China
NIO,ET5 Standard Range,E - Executive,AWD,5,200,4.0,700.0,516.2934,0.1571428571428571,Low,73.5,118.0,Lithium-ion,175,1.6054421768707483,110.0,CCS,410.0,1400.0,386.0,4790,1960,1499,Sedan,China
NIO,ET5 Long Range,E - Executive,AWD,5,200,4.0,700.0,516.2934,0.1428571428571428,Low,90.0,96.0,Lithium-ion,167,1.0666666666666669,100.0,CCS,500.0,1400.0,386.0,4790,1960,1499,Sedan,China
NIO,EL8 Standard Range,JF - Luxury,AWD,6,200,4.1,850.0,626.9277000000001,0.1294117647058823,Low,73.5,118.0,Lithium-ion,196,1.6054421768707483,110.0,CCS,360.0,2000.0,265.0,5099,1989,1750,SUV,China
NIO,EL8 Long Range,JF - Luxury,AWD,6,200,4.1,850.0,626.9277000000001,0.2235294117647059,Low,90.0,96.0,Lithium-ion,185,1.0666666666666669,190.0,CCS,440.0,2000.0,265.0,5099,1989,1750,SUV,China
NIO,EL7 Standard Range,JF - Luxury,AWD,5,200,3.9,850.0,626.9277000000001,0.1294117647058823,Low,73.5,118.0,Lithium-ion,198,1.6054421768707483,110.0,CCS,355.0,2000.0,570.0,4912,1987,1720,SUV,China
NIO,EL7 Long Range,JF - Luxury,AWD,5,200,3.9,850.0,626.9277000000001,0.1176470588235294,Low,90.0,96.0,Lithium-ion,185,1.0666666666666669,100.0,CCS,430.0,2000.0,570.0,4912,1987,1720,SUV,China
NIO,EL6 Standard Range,JE - Executive,AWD,5,200,4.5,700.0,516.2934,0.1571428571428571,Low,73.5,118.0,Lithium-ion,181,1.6054421768707483,110.0,CCS,365.0,1200.0,579.0,4854,1995,1703,SUV,China
NIO,EL6 Long Range,JE - Executive,AWD,5,200,4.5,700.0,516.2934,0.1928571428571428,Low,90.0,96.0,Lithium-ion,170,1.0666666666666669,135.0,CCS,435.0,1200.0,579.0,4854,1995,1703,SUV,China
XPENG,G9 RWD Long Range,JE - Executive,RWD,5,200,6.4,430.0,317.15166000000005,0.5209302325581395,High,93.1,216.0,Lithium-ion,163,2.320085929108485,224.0,CCS,480.0,1500.0,660.0,4891,1937,1670,SUV,China
Kia,EV9 99.8 kWh AWD GT-Line,JF - Luxury,AWD,7,200,5.3,700.0,516.2934,0.2771428571428571,Medium,96.0,456.0,Lithium-ion,190,4.75,194.0,CCS,425.0,2500.0,333.0,5015,1980,1780,SUV,Korea
Mini,Cooper JCW,B - Compact,FWD,4,200,5.9,350.0,258.1467,0.2142857142857142,Low,49.2,216.0,Lithium-ion,135,4.390243902439024,75.0,CCS,290.0,750.0,200.0,3858,1756,1460,Hatchback,UK
XPENG,G9 AWD Performance,JE - Executive,AWD,5,200,3.9,717.0,528.831954,0.3124128312412831,Medium,93.1,216.0,Lithium-ion,179,2.320085929108485,224.0,CCS,465.0,1500.0,660.0,4891,1937,1670,SUV,China
XPENG,G6 RWD Standard Range,JD - Large,RWD,5,200,6.9,440.0,324.52728,0.3181818181818182,Medium,66.0,216.0,Lithium-ion,152,3.272727272727273,140.0,CCS,370.0,1500.0,571.0,4753,1920,1650,SUV,China
Mini,Aceman JCW,JB - Compact,FWD,5,200,6.4,350.0,258.1467,0.2142857142857142,Low,49.2,216.0,Lithium-ion,143,4.390243902439024,75.0,CCS,280.0,750.0,300.0,4079,1754,1514,SUV,UK
XPENG,G6 RWD Long Range,JD - Large,RWD,5,200,6.7,440.0,324.52728,0.4090909090909091,Medium,87.5,216.0,Lithium-ion,154,2.4685714285714284,180.0,CCS,480.0,1500.0,571.0,4753,1920,1650,SUV,China
XPENG,G6 AWD Performance,JD - Large,AWD,5,200,4.1,660.0,486.79092,0.2727272727272727,Medium,87.5,216.0,Lithium-ion,159,2.4685714285714284,180.0,CCS,475.0,1500.0,571.0,4753,1920,1650,SUV,China
Voyah,Free 106 kWh,JE - Executive,AWD,5,200,4.4,720.0,531.0446400000001,0.1111111111111111,Low,100.0,216.0,Lithium-ion,200,2.16,80.0,CCS,480.0,2000.0,550.0,4905,1950,1645,SUV,China
Zeekr,001 Long Range RWD,E - Executive,RWD,5,200,7.2,343.0,252.98376600000003,0.3935860058309038,Medium,94.0,110.0,Lithium-ion,152,1.1702127659574468,135.0,CCS,505.0,1500.0,539.0,4955,1999,1560,Liftback Sedan,China
BMW,i4 xDrive40,D - Large,AWD,5,200,5.1,600.0,442.5372,0.2183333333333333,Low,81.3,216.0,Lithium-ion,183,2.656826568265682,131.0,CCS,490.0,1600.0,470.0,4783,1852,1448,Liftback Sedan,Germany
Nissan,Ariya e-4ORCE 87kWh - 320 kW Nismo,JC - Medium,AWD,5,200,5.0,600.0,442.5372,0.1833333333333333,Low,87.0,216.0,Lithium-ion,209,2.4827586206896552,110.0,CCS,385.0,1500.0,415.0,4655,1850,1660,SUV,Japan
Abarth,600e Scorpionissima,JB - Compact,FWD,5,200,5.9,345.0,254.45889000000005,0.2289855072463768,Low,50.8,102.0,Lithium-ion,158,2.0078740157480315,79.0,CCS,280.0,1500.0,360.0,4187,1779,1557,SUV,Italy
Hongqi,E-HS9 99 kWh,JF - Luxury,AWD,5,200,4.9,750.0,553.1715,0.1493333333333333,Low,90.0,216.0,Lithium-ion,194,2.4,112.0,CCS,370.0,1500.0,438.0,5209,2010,1731,SUV,China
XPENG,P7 Wing Edition,E - Executive,AWD,5,200,4.1,757.0,558.334434,0.1822985468956406,Low,82.7,216.0,Lithium-ion,164,2.611850060459492,138.0,CCS,455.0,1500.0,440.0,4888,1896,1450,Sedan,China
Abarth,600e Turismo,JB - Compact,FWD,5,200,6.2,345.0,254.45889000000005,0.2289855072463768,Low,50.8,102.0,Lithium-ion,158,2.0078740157480315,79.0,CCS,280.0,1500.0,360.0,4187,1779,1557,SUV,Italy
XPENG,G9 RWD Standard Range,JE - Executive,RWD,5,200,6.4,430.0,317.15166000000005,0.3953488372093023,Medium,75.8,216.0,Lithium-ion,165,2.849604221635884,170.0,CCS,395.0,1500.0,660.0,4891,1937,1680,SUV,China
XPENG,P7 RWD Long Range,E - Executive,RWD,5,200,6.7,440.0,324.52728,0.3136363636363636,Medium,82.7,216.0,Lithium-ion,144,2.611850060459492,138.0,CCS,495.0,1500.0,440.0,4888,1896,1450,Sedan,China
VinFast,VF 8 Eco Extended Range,JD - Large,AWD,5,200,5.9,500.0,368.781,0.24,Low,87.7,216.0,Lithium-ion,186,2.4629418472063853,120.0,CCS,405.0,1800.0,376.0,4750,1934,1667,SUV,Vietnam
Volkswagen,ID.3 GTX Performance,C - Medium,RWD,5,200,5.6,545.0,401.97129,0.2477064220183486,Low,79.0,288.0,Lithium-ion,131,3.645569620253165,135.0,CCS,465.0,1000.0,385.0,4322,1809,1538,Hatchback,Germany
XPENG,P7 AWD Performance,E - Executive,AWD,5,200,4.1,757.0,558.334434,0.1822985468956406,Low,82.7,216.0,Lithium-ion,164,2.611850060459492,138.0,CCS,460.0,1500.0,440.0,4888,1896,1450,Sedan,China
Jaguar,I-Pace EV400,JD - Large,AWD,5,200,4.8,696.0,513.343152,0.1221264367816092,Low,84.7,432.0,Lithium-ion,208,5.100354191263282,85.0,CCS,380.0,750.0,505.0,4682,2011,1566,SUV,UK
VinFast,VF 8 Plus Extended Range,JD - Large,AWD,5,200,5.5,620.0,457.28844,0.1935483870967742,Low,87.7,216.0,Lithium-ion,196,2.4629418472063853,120.0,CCS,400.0,1800.0,376.0,4750,1934,1667,SUV,Vietnam
Hyundai,IONIQ 9 Performance AWD,JF - Luxury,AWD,7,200,5.2,700.0,516.2934,0.2785714285714286,Medium,106.0,384.0,Lithium-ion,177,3.6226415094339615,195.0,CCS,480.0,2500.0,338.0,5060,1980,1790,SUV,Korea
Hyundai,IONIQ 9 Long Range AWD,JF - Luxury,AWD,7,200,6.7,605.0,446.22501000000005,0.3223140495867768,Medium,106.0,384.0,Lithium-ion,177,3.6226415094339615,195.0,CCS,490.0,2500.0,338.0,5060,1980,1790,SUV,Korea
Tesla,Model 3 Long Range AWD (Highland),D - Large,AWD,5,201,4.4,493.0,363.618066,0.2515212981744422,Medium,75.0,4416.0,Lithium-ion,119,58.88,124.0,CCS,525.0,1000.0,594.0,4720,1849,1441,Sedan,USA
Tesla,Model Y RWD (Juniper),JD - Large,RWD,5,201,5.9,420.0,309.77604,0.2619047619047619,Medium,60.5,4416.0,Lithium-ion,121,72.99173553719008,110.0,CCS,375.0,1600.0,854.0,4790,1982,1624,SUV,USA
Tesla,Model Y Long Range AWD (Juniper),JD - Large,AWD,5,201,4.8,493.0,363.618066,0.2515212981744422,Medium,75.0,4416.0,Lithium-ion,132,58.88,124.0,CCS,455.0,1600.0,854.0,4790,1982,1624,SUV,USA
Tesla,Model 3 RWD (Highland CATL LFP64),D - Large,RWD,5,201,6.1,420.0,309.77604,0.2619047619047619,Medium,60.5,4416.0,Lithium-ion,116,72.99173553719008,110.0,CCS,445.0,1000.0,594.0,4720,1849,1441,Sedan,USA
Tesla,Model 3 Long Range RWD (Highland),D - Large,RWD,5,201,5.2,450.0,331.90290000000005,0.2755555555555555,Medium,75.0,4416.0,Lithium-ion,117,58.88,124.0,CCS,545.0,1000.0,594.0,4720,1849,1441,Sedan,USA
Tesla,Model Y Long Range RWD (Juniper),JD - Large,RWD,5,201,5.6,450.0,331.90290000000005,0.2755555555555555,Medium,75.0,4416.0,Lithium-ion,121,58.88,124.0,CCS,470.0,1600.0,854.0,4790,1982,1624,SUV,USA
BMW,i7 eDrive50,F - Luxury,RWD,5,205,5.5,650.0,479.41530000000006,0.2446153846153846,Low,101.7,216.0,Lithium-ion,177,2.1238938053097343,159.0,CCS,520.0,2000.0,500.0,5391,1950,1544,Sedan,Germany
Polestar,2 Standard Range Single Motor (MY26),D - Large,RWD,5,205,6.4,490.0,361.40538,0.2244897959183673,Low,67.0,204.0,Lithium-ion,129,3.044776119402985,110.0,CCS,405.0,1500.0,407.0,4606,1859,1479,Liftback Sedan,Sweden/China
Polestar,2 Long Range Single Motor (MY26),D - Large,RWD,5,205,6.2,490.0,361.40538,0.2551020408163265,Medium,79.0,324.0,Lithium-ion,130,4.10126582278481,125.0,CCS,475.0,1500.0,407.0,4606,1859,1479,Liftback Sedan,Sweden/China
Polestar,2 Long Range Performance (MY26),D - Large,AWD,5,205,4.2,740.0,545.79588,0.1689189189189189,Low,79.0,324.0,Lithium-ion,142,4.10126582278481,125.0,CCS,450.0,1500.0,407.0,4606,1859,1473,Liftback Sedan,Sweden/China
Polestar,2 Long Range Dual Motor (MY26),D - Large,AWD,5,205,4.5,740.0,545.79588,0.1689189189189189,Low,79.0,324.0,Lithium-ion,142,4.10126582278481,125.0,CCS,455.0,1500.0,407.0,4606,1859,1479,Liftback Sedan,Sweden/China
Zeekr,7X Performance AWD,JD - Large,AWD,5,210,3.8,710.0,523.66902,0.3661971830985915,Medium,94.0,110.0,Lithium-ion,173,1.1702127659574468,260.0,CCS,450.0,2000.0,539.0,4787,1930,1650,SUV,China
Zeekr,7X Long Range RWD,JD - Large,RWD,5,210,6.0,440.0,324.52728,0.5909090909090909,High,94.0,110.0,Lithium-ion,153,1.1702127659574468,260.0,CCS,475.0,2000.0,539.0,4787,1930,1650,SUV,China
Zeekr,7X Premium RWD,JD - Large,RWD,5,210,6.0,440.0,324.52728,0.5454545454545454,High,71.0,110.0,Lithium-ion,148,1.5492957746478873,240.0,CCS,365.0,2000.0,539.0,4787,1930,1650,SUV,China
Audi,A6 Avant e-tron,JE - Executive,RWD,5,210,6.0,435.0,320.83947,0.3448275862068966,Medium,75.8,150.0,Lithium-ion,146,1.978891820580475,150.0,CCS,465.0,2100.0,502.0,4928,1923,1455,Station/Estate,Germany
Smart,#5 Brabus,JD - Large,AWD,5,210,3.8,710.0,523.66902,0.323943661971831,Medium,94.0,216.0,Lithium-ion,174,2.297872340425532,230.0,CCS,450.0,1600.0,630.0,4695,1920,1705,SUV,Germany
Mercedes-Benz,EQS 450 4MATIC,F - Luxury,AWD,5,210,5.7,800.0,590.0496,0.2,Low,118.0,300.0,Lithium-ion,180,2.542372881355932,160.0,CCS,655.0,1700.0,620.0,5223,1926,1518,Sedan,Germany
Audi,A6 Avant e-tron performance,JE - Executive,RWD,5,210,5.4,565.0,416.72253,0.3539823008849557,Medium,94.9,180.0,Lithium-ion,151,1.8967334035827184,200.0,CCS,575.0,2100.0,502.0,4928,1923,1455,Station/Estate,Germany
Audi,Q6 e-tron,JD - Large,RWD,5,210,7.0,450.0,331.90290000000005,0.3333333333333333,Medium,75.8,150.0,Lithium-ion,166,1.978891820580475,150.0,CCS,395.0,2000.0,526.0,4771,1939,1685,SUV,Germany
Audi,Q6 e-tron Sportback,JD - Large,RWD,5,210,7.0,450.0,331.90290000000005,0.3333333333333333,Medium,75.8,150.0,Lithium-ion,139,1.978891820580475,150.0,CCS,410.0,2000.0,511.0,4771,1939,1665,SUV,Germany
Audi,Q6 e-tron Sportback performance,JD - Large,RWD,5,210,6.6,485.0,357.71757,0.3917525773195876,Medium,94.9,180.0,Lithium-ion,145,1.8967334035827184,190.0,CCS,510.0,2000.0,511.0,4771,1939,1665,SUV,Germany
Audi,Q6 e-tron Sportback quattro,JD - Large,AWD,5,210,5.9,855.0,630.6155100000001,0.2339181286549707,Low,94.9,180.0,Lithium-ion,149,1.8967334035827184,200.0,CCS,500.0,2400.0,511.0,4771,1939,1665,SUV,Germany
Audi,Q6 e-tron performance,JD - Large,RWD,5,210,6.6,485.0,357.71757,0.3917525773195876,Medium,94.9,180.0,Lithium-ion,171,1.8967334035827184,190.0,CCS,490.0,2000.0,526.0,4771,1939,1685,SUV,Germany
Audi,Q6 e-tron quattro,JD - Large,AWD,5,210,5.9,855.0,630.6155100000001,0.2339181286549707,Low,94.9,180.0,Lithium-ion,176,1.8967334035827184,200.0,CCS,480.0,2400.0,10.0,4771,1939,1685,SUV,Germany
Mercedes-Benz,EQS SUV Maybach 680,JF - Luxury,AWD,4,210,4.4,950.0,700.6839,0.1684210526315789,Low,118.0,300.0,Lithium-ion,211,2.542372881355932,160.0,CCS,490.0,1800.0,440.0,5125,1959,1725,SUV,Germany
Mercedes-Benz,EQS SUV 580 4MATIC,JF - Luxury,AWD,7,210,4.7,858.0,632.828196,0.1864801864801865,Low,118.0,300.0,Lithium-ion,199,2.542372881355932,160.0,CCS,530.0,1800.0,13.0,5125,1959,1718,SUV,Germany
Mercedes-Benz,EQS SUV 500 4MATIC,JF - Luxury,AWD,7,210,5.3,828.0,610.7013360000001,0.1932367149758454,Low,118.0,300.0,Lithium-ion,199,2.542372881355932,160.0,CCS,530.0,1800.0,645.0,5125,1959,1718,SUV,Germany
Mercedes-Benz,EQS SUV 450+,JF - Luxury,RWD,7,210,6.8,568.0,418.935216,0.2816901408450704,Medium,118.0,300.0,Lithium-ion,195,2.542372881355932,160.0,CCS,540.0,750.0,645.0,5125,1959,1718,SUV,Germany
Mercedes-Benz,EQS SUV 450 4MATIC,JF - Luxury,AWD,7,210,6.1,800.0,590.0496,0.2,Low,118.0,300.0,Lithium-ion,199,2.542372881355932,160.0,CCS,530.0,1800.0,645.0,5125,1959,1718,SUV,Germany
Mercedes-Benz,EQS 580 4MATIC,F - Luxury,AWD,5,210,4.4,858.0,632.828196,0.1864801864801865,Low,118.0,300.0,Lithium-ion,180,2.542372881355932,160.0,CCS,640.0,1700.0,620.0,5223,1926,1518,Sedan,Germany
Mercedes-Benz,EQS 500 4MATIC,F - Luxury,AWD,5,210,4.9,828.0,610.7013360000001,0.1932367149758454,Low,118.0,300.0,Lithium-ion,180,2.542372881355932,160.0,CCS,640.0,1700.0,620.0,5223,1926,1518,Sedan,Germany
Mercedes-Benz,EQS 450+,F - Luxury,RWD,5,210,6.2,568.0,418.935216,0.2816901408450704,Medium,118.0,300.0,Lithium-ion,173,2.542372881355932,160.0,CCS,685.0,750.0,620.0,5223,1926,1518,Sedan,Germany
Mercedes-Benz,EQS 350,F - Luxury,RWD,5,210,6.7,565.0,416.72253,0.2300884955752212,Low,96.0,360.0,Lithium-ion,165,3.75,130.0,CCS,570.0,750.0,620.0,5223,1926,1512,Sedan,Germany
Mercedes-Benz,EQE SUV AMG 43 4MATIC,JE - Executive,AWD,5,210,4.3,858.0,632.828196,0.1643356643356643,Low,90.6,360.0,Lithium-ion,214,3.9735099337748343,141.0,CCS,425.0,1800.0,520.0,4879,1940,1672,SUV,Germany
Mercedes-Benz,EQE SUV 500 4MATIC,JE - Executive,AWD,5,210,4.9,858.0,632.828196,0.1643356643356643,Low,96.0,300.0,Lithium-ion,187,3.125,141.0,CCS,455.0,1800.0,520.0,4863,1940,1685,SUV,Germany
Mercedes-Benz,EQE SUV 350+,JE - Executive,RWD,5,210,6.9,565.0,416.72253,0.2495575221238938,Low,96.0,300.0,Lithium-ion,164,3.125,141.0,CCS,475.0,750.0,520.0,4863,1940,1685,SUV,Germany
Mercedes-Benz,EQE SUV 350 4MATIC,JE - Executive,AWD,5,210,6.6,765.0,564.2349300000001,0.1843137254901961,Low,90.6,300.0,Lithium-ion,189,3.3112582781456954,141.0,CCS,435.0,1800.0,520.0,4863,1940,1685,SUV,Germany
Mercedes-Benz,EQE SUV 300,JE - Executive,RWD,5,210,7.6,550.0,405.6591,0.2563636363636363,Medium,90.6,300.0,Lithium-ion,182,3.3112582781456954,141.0,CCS,450.0,750.0,520.0,4863,1940,1685,SUV,Germany
Mercedes-Benz,EQE AMG 43 4MATIC,E - Executive,AWD,5,210,4.2,858.0,632.828196,0.1643356643356643,Low,90.6,360.0,Lithium-ion,207,3.9735099337748343,141.0,CCS,450.0,1700.0,430.0,4964,1906,1495,Sedan,Germany
Mercedes-Benz,EQE 500 4MATIC,E - Executive,AWD,5,210,4.7,858.0,632.828196,0.1643356643356643,Low,90.6,360.0,Lithium-ion,173,3.9735099337748343,141.0,CCS,505.0,1700.0,430.0,4946,1906,1503,Sedan,Germany
Mercedes-Benz,EQE 350+,E - Executive,RWD,5,210,6.5,565.0,416.72253,0.2495575221238938,Low,96.0,300.0,Lithium-ion,164,3.125,141.0,CCS,555.0,750.0,430.0,4946,1906,1510,Sedan,Germany
Mercedes-Benz,EQE 350 4MATIC,E - Executive,AWD,5,210,6.3,765.0,564.2349300000001,0.1843137254901961,Low,90.6,360.0,Lithium-ion,173,3.9735099337748343,141.0,CCS,515.0,1700.0,430.0,4946,1906,1503,Sedan,Germany
Mercedes-Benz,EQE 300,E - Executive,RWD,5,210,7.3,550.0,405.6591,0.2181818181818181,Low,89.0,300.0,Lithium-ion,163,3.3707865168539324,120.0,CCS,525.0,750.0,430.0,4946,1906,1503,Sedan,Germany
Mercedes-Benz,CLA 350 4MATIC,D - Large,AWD,5,210,4.9,515.0,379.8444300000001,0.4563106796116505,Medium,85.0,300.0,Lithium-ion,126,3.5294117647058822,235.0,CCS,550.0,1800.0,405.0,4723,1855,1468,Sedan,Germany
Mercedes-Benz,CLA 250+,D - Large,RWD,5,210,6.7,335.0,247.08327000000003,0.7014925373134329,High,85.0,300.0,Lithium-ion,122,3.5294117647058822,235.0,CCS,565.0,1500.0,405.0,4723,1855,1468,Sedan,Germany
Polestar,3 Long Range Dual motor,JE - Executive,AWD,5,210,5.0,840.0,619.55208,0.1785714285714285,Low,107.0,204.0,Lithium-ion,183,1.9065420560747663,150.0,CCS,515.0,2200.0,484.0,4900,1968,1614,SUV,Sweden/China
Polestar,3 Long Range Performance,JE - Executive,AWD,5,210,4.7,910.0,671.18142,0.1648351648351648,Low,107.0,204.0,Lithium-ion,194,1.9065420560747663,150.0,CCS,495.0,2200.0,484.0,4900,1968,1614,SUV,Sweden/China
Cadillac,Lyriq 600 E4,JF - Luxury,AWD,5,210,5.3,610.0,449.91282,0.2704918032786885,Medium,102.0,288.0,Lithium-ion,192,2.823529411764706,165.0,CCS,460.0,1587.0,793.0,5005,1977,1623,SUV,USA
Audi,A6 Sportback e-tron quattro,JE - Executive,AWD,5,210,4.7,855.0,630.6155100000001,0.2339181286549707,Low,94.9,180.0,Lithium-ion,147,1.8967334035827184,200.0,CCS,590.0,2100.0,502.0,4928,1923,1455,Liftback Sedan,Germany
Audi,A6 Sportback e-tron performance,JE - Executive,RWD,5,210,5.4,565.0,416.72253,0.3539823008849557,Medium,94.9,180.0,Lithium-ion,141,1.8967334035827184,200.0,CCS,610.0,2100.0,502.0,4928,1923,1455,Liftback Sedan,Germany
Audi,A6 Sportback e-tron,JE - Executive,RWD,5,210,6.0,435.0,320.83947,0.3448275862068966,Medium,75.8,150.0,Lithium-ion,136,1.978891820580475,150.0,CCS,495.0,2100.0,502.0,4928,1923,1455,Liftback Sedan,Germany
Audi,A6 Avant e-tron quattro,JE - Executive,AWD,5,210,4.5,855.0,630.6155100000001,0.2339181286549707,Low,94.9,180.0,Lithium-ion,157,1.8967334035827184,200.0,CCS,560.0,2100.0,502.0,4928,1923,1455,Station/Estate,Germany
BYD,SEALION 7 91.3 kWh AWD Excellence,JD - Large,AWD,5,215,4.5,690.0,508.9177800000001,0.2391304347826087,Low,91.3,127.0,Lithium-ion,182,1.3910186199342829,165.0,CCS,430.0,1500.0,520.0,4830,1925,1620,SUV,China
BMW,i5 xDrive40 Touring (MY25),E - Executive,AWD,5,215,5.5,590.0,435.16158,0.2305084745762712,Low,81.2,216.0,Lithium-ion,174,2.6600985221674875,136.0,CCS,450.0,2000.0,570.0,5060,1900,1515,Station/Estate,Germany
BMW,i5 xDrive40 Sedan (MY25),E - Executive,AWD,5,215,5.4,590.0,435.16158,0.2305084745762712,Low,81.2,216.0,Lithium-ion,167,2.6600985221674875,136.0,CCS,465.0,2000.0,490.0,5060,1900,1515,Sedan,Germany
BYD,SEALION 7 82.5 kWh AWD Design,JD - Large,AWD,5,215,4.5,690.0,508.9177800000001,0.1666666666666666,Low,82.5,172.0,Lithium-ion,181,2.084848484848485,115.0,CCS,400.0,1500.0,520.0,4830,1925,1620,SUV,China
BYD,SEALION 7 82.5 kWh RWD Comfort,JD - Large,RWD,5,215,6.7,380.0,280.27356000000003,0.3026315789473684,Medium,82.5,172.0,Lithium-ion,171,2.084848484848485,115.0,CCS,415.0,750.0,520.0,4830,1925,1620,SUV,China
BYD,SEAL 61.4 kWh RWD Comfort,D - Large,RWD,5,220,7.5,380.0,280.27356000000003,0.1973684210526315,Low,61.4,128.0,Lithium-ion,133,2.0846905537459284,75.0,CCS,365.0,750.0,400.0,4800,1875,1460,Sedan,China
Mercedes-Benz,EQE AMG 53 4MATIC+,E - Executive,AWD,5,220,3.5,950.0,700.6839,0.1484210526315789,Low,90.6,360.0,Lithium-ion,208,3.9735099337748343,141.0,CCS,450.0,1700.0,430.0,4964,1906,1495,Sedan,Germany
Porsche,Taycan 4 Cross Turismo,F - Luxury,AWD,5,220,4.7,610.0,449.91282,0.460655737704918,Medium,97.0,396.0,Lithium-ion,188,4.082474226804123,281.0,CCS,510.0,2000.0,446.0,4974,1967,1409,Station/Estate,Germany
Maserati,Grecale Folgore,JE - Executive,AWD,5,220,4.1,820.0,604.80084,0.1341463414634146,Low,95.0,216.0,Lithium-ion,220,2.273684210526316,110.0,CCS,400.0,1800.0,535.0,4865,1948,1651,SUV,Italy
Porsche,Macan Electric,JD - Large,RWD,5,220,5.7,563.0,415.247406,0.3552397868561279,Medium,95.0,180.0,Lithium-ion,177,1.894736842105263,200.0,CCS,495.0,2000.0,540.0,4784,1938,1623,SUV,Germany
Porsche,Macan 4 Electric,JD - Large,AWD,5,220,5.2,650.0,479.41530000000006,0.3076923076923077,Medium,95.0,180.0,Lithium-ion,184,1.894736842105263,200.0,CCS,470.0,2000.0,540.0,4784,1938,1622,SUV,Germany
Kia,EV9 99.8 kWh AWD GT,JF - Luxury,AWD,7,220,4.6,740.0,545.79588,0.2621621621621621,Medium,96.0,456.0,Lithium-ion,190,4.75,194.0,CCS,420.0,2500.0,333.0,5015,1980,1755,SUV,Korea
Genesis,G80 Electrified Luxury,F - Luxury,AWD,5,225,4.9,700.0,516.2934,0.2285714285714285,Low,82.5,384.0,Lithium-ion,159,4.654545454545454,160.0,CCS,440.0,1600.0,354.0,5005,1925,1470,Sedan,Korea
BMW,i4 M50,D - Large,AWD,5,225,3.9,795.0,586.36179,0.1647798742138364,Low,81.3,216.0,Lithium-ion,197,2.656826568265682,131.0,CCS,450.0,1600.0,470.0,4783,1852,1448,Liftback Sedan,Germany
Porsche,Taycan Sport Turismo,F - Luxury,RWD,5,230,4.8,410.0,302.40042,0.4756097560975609,Medium,82.3,396.0,Lithium-ion,173,4.811664641555286,195.0,CCS,460.0,2000.0,446.0,4963,1966,1390,Station/Estate,Germany
Porsche,Taycan Plus Sport Turismo,F - Luxury,RWD,5,230,4.8,420.0,309.77604,0.669047619047619,High,97.0,396.0,Lithium-ion,176,4.082474226804123,281.0,CCS,530.0,2000.0,446.0,4963,1966,1390,Station/Estate,Germany
Porsche,Taycan Plus,F - Luxury,RWD,5,230,4.8,420.0,309.77604,0.669047619047619,High,97.0,396.0,Lithium-ion,168,4.082474226804123,281.0,CCS,575.0,2000.0,407.0,4963,1966,1379,Sedan,Germany
BMW,i5 M60 xDrive Touring (MY25),E - Executive,AWD,5,230,3.9,795.0,586.36179,0.1710691823899371,Low,81.2,216.0,Lithium-ion,179,2.6600985221674875,136.0,CCS,425.0,2000.0,570.0,5060,1900,1505,Station/Estate,Germany
BMW,i5 M60 xDrive Sedan (MY25),E - Executive,AWD,5,230,3.8,795.0,586.36179,0.1710691823899371,Low,81.2,216.0,Lithium-ion,172,2.6600985221674875,136.0,CCS,430.0,2000.0,490.0,5060,1900,1505,Sedan,Germany
Porsche,Taycan 4 Plus,F - Luxury,AWD,5,230,4.6,610.0,449.91282,0.460655737704918,Medium,97.0,396.0,Lithium-ion,175,4.082474226804123,281.0,CCS,565.0,2000.0,407.0,4963,1966,1379,Sedan,Germany
Porsche,Taycan 4,F - Luxury,AWD,5,230,4.6,585.0,431.47377,0.3333333333333333,Medium,82.3,396.0,Lithium-ion,172,4.811664641555286,195.0,CCS,490.0,2000.0,407.0,4963,1966,1379,Sedan,Germany
Audi,SQ6 e-tron,JD - Large,AWD,5,230,4.3,855.0,630.6155100000001,0.2339181286549707,Low,94.9,180.0,Lithium-ion,169,1.8967334035827184,200.0,CCS,470.0,2400.0,514.0,4771,1965,1685,SUV,Germany
Porsche,Taycan,F - Luxury,RWD,5,230,4.8,410.0,302.40042,0.4756097560975609,Medium,82.3,396.0,Lithium-ion,164,4.811664641555286,195.0,CCS,495.0,2000.0,407.0,4963,1966,1379,Sedan,Germany
Audi,SQ6 e-tron Sportback,JD - Large,AWD,5,230,4.3,855.0,630.6155100000001,0.2339181286549707,Low,94.9,180.0,Lithium-ion,164,1.8967334035827184,200.0,CCS,495.0,2400.0,511.0,4771,1965,1665,SUV,Germany
Genesis,GV60 Sport Plus,JC - Medium,AWD,5,235,4.0,700.0,516.2934,0.2857142857142857,Medium,74.0,384.0,Lithium-ion,159,5.1891891891891895,200.0,CCS,360.0,1600.0,432.0,4515,1890,1580,SUV,Korea
Genesis,GV70 Electrified Sport,JD - Large,AWD,5,235,4.2,700.0,516.2934,0.2714285714285714,Medium,74.0,384.0,Lithium-ion,163,5.1891891891891895,190.0,CCS,350.0,1800.0,503.0,4715,1910,1630,SUV,Korea
Mercedes-Benz,EQE SUV AMG 53 4MATIC+,JE - Executive,AWD,5,240,3.5,1000.0,737.562,0.141,Low,90.6,360.0,Lithium-ion,242,3.9735099337748343,141.0,CCS,420.0,1800.0,520.0,4879,1940,1672,SUV,Germany
Audi,S6 Sportback e-tron,JE - Executive,AWD,5,240,3.9,855.0,630.6155100000001,0.2339181286549707,Low,94.9,180.0,Lithium-ion,149,1.8967334035827184,200.0,CCS,555.0,2100.0,502.0,4928,1923,1465,Liftback Sedan,Germany
Audi,S6 Avant e-tron,JE - Executive,AWD,5,240,3.9,855.0,630.6155100000001,0.2339181286549707,Low,94.9,180.0,Lithium-ion,156,1.8967334035827184,200.0,CCS,530.0,2100.0,502.0,4928,1923,1493,Station/Estate,Germany
Porsche,Macan 4S Electric,JD - Large,AWD,5,240,4.1,820.0,604.80084,0.2439024390243902,Low,95.0,180.0,Lithium-ion,186,1.894736842105263,200.0,CCS,470.0,2000.0,540.0,4784,1938,1622,SUV,Germany
BMW,i7 xDrive60,F - Luxury,AWD,5,240,4.7,745.0,549.48369,0.2134228187919463,Low,101.7,216.0,Lithium-ion,172,2.1238938053097343,159.0,CCS,510.0,2000.0,500.0,5391,1950,1544,Sedan,Germany
Porsche,Taycan 4S Cross Turismo,F - Luxury,AWD,5,240,3.8,710.0,523.66902,0.3957746478873239,Medium,97.0,396.0,Lithium-ion,188,4.082474226804123,281.0,CCS,510.0,2000.0,446.0,4974,1967,1409,Station/Estate,Germany
Audi,e-tron GT S,F - Luxury,AWD,4,245,3.4,740.0,545.79588,0.3797297297297297,Medium,97.0,396.0,Lithium-ion,172,4.082474226804123,281.0,CCS,540.0,2400.0,405.0,5004,1964,1394,Sedan,Germany
Audi,e-tron GT quattro,F - Luxury,AWD,4,245,4.0,625.0,460.9762500000001,0.4496,Medium,97.0,396.0,Lithium-ion,169,4.082474226804123,281.0,CCS,540.0,2400.0,405.0,5004,1964,1394,Sedan,Germany
Lotus,Eletre S,JF - Luxury,AWD,5,250,4.5,710.0,523.66902,0.3647887323943662,Medium,109.0,216.0,Lithium-ion,222,1.981651376146789,259.0,CCS,480.0,2250.0,611.0,5103,2019,1630,SUV,UK
Lotus,Emeya,F - Luxury,AWD,5,250,4.2,710.0,523.66902,0.3380281690140845,Medium,98.9,216.0,Lithium-ion,198,2.1840242669362997,240.0,CCS,520.0,2250.0,509.0,5139,2005,1464,Liftback Sedan,UK
Lotus,Emeya S,F - Luxury,AWD,5,250,4.2,710.0,523.66902,0.3380281690140845,Medium,98.9,216.0,Lithium-ion,198,2.1840242669362997,240.0,CCS,520.0,2250.0,509.0,5139,2005,1464,Liftback Sedan,UK
Lucid,Air Touring,F - Luxury,AWD,5,250,3.2,498.0127388535032,367.3152716942676,0.3212769222898654,Medium,92.0,5400.0,Lithium-ion,142,58.69565217391305,160.0,CCS,580.0,1500.0,456.0,4975,1939,1410,Sedan,USA
BMW,i7 M70 xDrive,F - Luxury,AWD,5,250,3.7,1100.0,811.3182,0.1445454545454545,Low,101.7,216.0,Lithium-ion,208,2.1238938053097343,159.0,CCS,490.0,2000.0,500.0,5391,1950,1544,Sedan,Germany
Tesla,Model X Dual Motor,JF - Luxury,AWD,7,250,3.9,498.0127388535032,367.3152716942676,0.2811173070036322,Medium,95.0,7920.0,Lithium-ion,165,83.36842105263158,140.0,CCS,485.0,2250.0,425.0,5057,1999,1680,SUV,USA
Rolls-Royce,Spectre,I - Luxury,AWD,4,250,4.5,900.0,663.8058000000001,0.14,Low,102.0,216.0,Lithium-ion,192,2.117647058823529,126.0,CCS,465.0,1500.0,380.0,5453,2080,1559,Coupe,UK
Lotus,Eletre,JF - Luxury,AWD,5,250,4.5,710.0,523.66902,0.3647887323943662,Medium,109.0,216.0,Lithium-ion,204,1.981651376146789,259.0,CCS,495.0,2250.0,611.0,5103,2019,1630,SUV,UK
Porsche,Taycan 4S,F - Luxury,AWD,5,250,3.7,695.0,512.60559,0.2805755395683453,Medium,82.3,396.0,Lithium-ion,174,4.811664641555286,195.0,CCS,490.0,2000.0,407.0,4963,1966,1379,Sedan,Germany
Audi,e-tron GT RS performance,F - Luxury,AWD,4,250,2.5,1027.0,757.476174,0.2736124634858812,Medium,97.0,396.0,Lithium-ion,182,4.082474226804123,281.0,CCS,525.0,2400.0,350.0,4997,1964,1389,Sedan,Germany
Porsche,Taycan Turbo S Cross Turismo,F - Luxury,AWD,5,250,2.5,1110.0,818.6938200000001,0.2531531531531532,Medium,97.0,396.0,Lithium-ion,188,4.082474226804123,281.0,CCS,485.0,2000.0,405.0,4974,1967,1407,Station/Estate,Germany
Porsche,Taycan 4S Plus,F - Luxury,AWD,5,250,3.7,710.0,523.66902,0.3957746478873239,Medium,97.0,396.0,Lithium-ion,177,4.082474226804123,281.0,CCS,565.0,2000.0,407.0,4963,1966,1379,Sedan,Germany
Porsche,Taycan 4S Plus Sport Turismo,F - Luxury,AWD,5,250,3.7,710.0,523.66902,0.3957746478873239,Medium,97.0,396.0,Lithium-ion,186,4.082474226804123,281.0,CCS,510.0,2000.0,446.0,4963,1966,1390,Station/Estate,Germany
Tesla,Model S Dual Motor,F - Luxury,AWD,5,250,3.2,498.0127388535032,367.3152716942676,0.2811173070036322,Medium,95.0,7920.0,Lithium-ion,150,83.36842105263158,140.0,CCS,575.0,1600.0,709.0,5021,1987,1431,Liftback Sedan,USA
Porsche,Taycan 4S Sport Turismo,F - Luxury,AWD,5,250,3.7,695.0,512.60559,0.2805755395683453,Medium,82.3,396.0,Lithium-ion,183,4.811664641555286,195.0,CCS,440.0,2000.0,446.0,4963,1966,1390,Station/Estate,Germany
Porsche,Taycan Turbo Cross Turismo,F - Luxury,AWD,5,250,2.8,940.0,693.3082800000001,0.298936170212766,Medium,97.0,396.0,Lithium-ion,188,4.082474226804123,281.0,CCS,495.0,2000.0,405.0,4974,1967,1412,Station/Estate,Germany
BMW,iX M70 xDrive,JE - Executive,AWD,5,250,3.8,1015.0,748.62543,0.1477832512315271,Low,108.9,216.0,Lithium-ion,209,1.983471074380165,150.0,CCS,500.0,2500.0,500.0,4965,1970,1695,SUV,Germany
Audi,e-tron GT RS,F - Luxury,AWD,4,250,2.8,865.0,637.99113,0.3248554913294798,Medium,97.0,396.0,Lithium-ion,184,4.082474226804123,281.0,CCS,525.0,2400.0,350.0,4997,1964,1389,Sedan,Germany
Porsche,Taycan GTS,F - Luxury,AWD,5,250,3.3,790.0,582.67398,0.3556962025316456,Medium,97.0,396.0,Lithium-ion,176,4.082474226804123,281.0,CCS,535.0,2000.0,366.0,4963,1966,1381,Sedan,Germany
Mercedes-Benz,EQS AMG 53 4MATIC+,F - Luxury,AWD,5,250,3.4,1020.0,752.3132400000001,0.1568627450980392,Low,118.0,300.0,Lithium-ion,222,2.542372881355932,160.0,CCS,585.0,1700.0,620.0,5223,1926,1518,Sedan,Germany
Porsche,Taycan GTS Sport Turismo,F - Luxury,AWD,5,250,3.3,790.0,582.67398,0.3556962025316456,Medium,97.0,396.0,Lithium-ion,185,4.082474226804123,281.0,CCS,505.0,2000.0,405.0,4963,1966,1392,Station/Estate,Germany
Lotus,Emeya R,F - Luxury,AWD,5,256,2.8,985.0,726.4985700000001,0.2436548223350254,Low,98.9,216.0,Lithium-ion,227,2.1840242669362997,240.0,CCS,465.0,1225.0,509.0,5139,2005,1464,Liftback Sedan,UK
Hyundai,IONIQ 5 N (MY24),JC - Medium,AWD,5,260,3.4,740.0,545.79588,0.277027027027027,Medium,80.0,384.0,Lithium-ion,179,4.8,205.0,CCS,390.0,1600.0,480.0,4715,1940,1585,SUV,Korea
Kia,EV6 GT,JC - Medium,AWD,5,260,3.5,770.0,567.9227400000001,0.2662337662337662,Medium,80.0,384.0,Lithium-ion,178,4.8,205.0,CCS,385.0,1800.0,480.0,4695,1890,1545,SUV,Korea
Porsche,Taycan Turbo S Sport Turismo,F - Luxury,AWD,5,260,2.4,1110.0,818.6938200000001,0.2531531531531532,Medium,97.0,396.0,Lithium-ion,183,4.082474226804123,281.0,CCS,505.0,2000.0,405.0,4963,1966,1388,Station/Estate,Germany
Porsche,Taycan Turbo Sport Turismo,F - Luxury,AWD,5,260,2.7,940.0,693.3082800000001,0.298936170212766,Medium,97.0,396.0,Lithium-ion,184,4.082474226804123,281.0,CCS,505.0,2000.0,405.0,4963,1966,1392,Station/Estate,Germany
Lotus,Eletre R,JF - Luxury,AWD,5,260,2.9,985.0,726.4985700000001,0.2629441624365482,Medium,109.0,216.0,Lithium-ion,266,1.981651376146789,259.0,CCS,455.0,2250.0,611.0,5103,2019,1636,SUV,UK
Porsche,Macan Turbo Electric,JD - Large,AWD,5,260,3.3,1001.0,738.299562,0.1998001998001998,Low,95.0,180.0,Lithium-ion,183,1.894736842105263,200.0,CCS,460.0,2000.0,480.0,4784,1938,1621,SUV,Germany
Porsche,Taycan Turbo S,F - Luxury,AWD,5,260,2.4,1110.0,818.6938200000001,0.2531531531531532,Medium,97.0,396.0,Lithium-ion,174,4.082474226804123,281.0,CCS,525.0,2000.0,366.0,4963,1966,1378,Sedan,Germany
Porsche,Taycan Turbo,F - Luxury,AWD,5,260,2.7,940.0,693.3082800000001,0.298936170212766,Medium,97.0,396.0,Lithium-ion,174,4.082474226804123,281.0,CCS,535.0,2000.0,366.0,4963,1966,1379,Sedan,Germany
Tesla,Model 3 Performance (Highland),D - Large,AWD,5,262,3.2,741.0,546.533442,0.1673414304993252,Low,75.0,4416.0,Lithium-ion,142,58.88,124.0,CCS,490.0,1000.0,594.0,4720,1849,1431,Sedan,USA
Tesla,Model X Plaid,JF - Luxury,AWD,7,262,2.7,498.0127388535032,367.3152716942676,0.2811173070036322,Medium,95.0,7920.0,Lithium-ion,180,83.36842105263158,140.0,CCS,465.0,2250.0,425.0,5057,1999,1680,SUV,USA
Lucid,Air Grand Touring,F - Luxury,AWD,5,270,3.0,1200.0,885.0744000000001,0.1533333333333333,Low,112.0,6600.0,Lithium-ion,143,58.92857142857143,184.0,CCS,665.0,1500.0,456.0,4975,1939,1410,Sedan,USA
Tesla,Model S Plaid,F - Luxury,AWD,5,282,2.3,498.0127388535032,367.3152716942676,0.2811173070036322,Medium,95.0,7920.0,Lithium-ion,158,83.36842105263158,140.0,CCS,560.0,1600.0,709.0,5021,1987,1431,Liftback Sedan,USA
Maserati,GranCabrio Folgore,F - Luxury,AWD,4,290,2.8,1350.0,995.7087,0.1407407407407407,Low,83.0,216.0,Lithium-ion,198,2.602409638554217,190.0,CCS,395.0,1800.0,151.0,4966,1957,1365,Cabriolet,Italy
Porsche,Taycan Turbo GT,F - Luxury,AWD,5,290,2.3,1340.0,988.33308,0.2097014925373134,Low,97.0,396.0,Lithium-ion,184,4.082474226804123,281.0,CCS,475.0,2000.0,326.0,4968,1966,1378,Sedan,Germany
Porsche,Taycan Turbo GT Weissach,F - Luxury,AWD,2,305,2.2,1340.0,988.33308,0.2097014925373134,Low,97.0,396.0,Lithium-ion,180,4.082474226804123,281.0,CCS,475.0,2000.0,367.0,4968,1966,1378,Sedan,Germany
Maserati,GranTurismo Folgore,F - Luxury,AWD,4,325,2.7,1350.0,995.7087,0.1607407407407407,Low,83.0,216.0,Lithium-ion,182,2.602409638554217,217.0,CCS,420.0,1800.0,270.0,4959,1957,1353,Coupe,Italy
